"","Orbitrap_HeLaCE_SGF_Fraction1","Orbitrap_HeLaCE_SGF_Fraction2","Orbitrap_HeLaCE_SGF_Fraction3","Orbitrap_HeLaCE_SGF_Fraction4","Orbitrap_HeLaCE_SGF_Fraction5","Orbitrap_HeLaCE_SGF_Fraction6","Orbitrap_HeLaCE_SGF_Fraction7-2","Orbitrap_HeLaCE_SGF_Fraction8","Orbitrap_HeLaCE_SGF_Fraction9","Orbitrap_HeLaCE_SGF_Fraction10","Orbitrap_HeLaCE_SGF_Fraction11","Orbitrap_HeLaCE_SGF_Fraction12","Orbitrap_HeLaCE_SGF_Fraction13","Orbitrap_HeLaCE_SGF_Fraction14"
"Q15155",0,0,0,0,0,0,0,5,11,13,6,2,1,0
"O14983",0,0,7,6,11,28,13,25,19,22,7,0,0,0
"Q659C4",0,0,0,0,0,0,0,0,0,7,10,7,5,0
"Q32P51",0,0,22,89,98,93,60,43,50,17,17,16,15,10
"Q58FF8",0,0,23,5,9,12,12,10,10,14,15,10,12,8
"Q58FF7",0,9,22,21,15,25,17,22,24,22,15,0,0,15
"Q8NHW5",0,0,0,0,0,0,15,53,33,31,30,45,34,20
"Q14568",0,0,0,0,0,0,3,0,0,0,0,0,0,0
"Q04912",0,0,0,2,0,0,0,0,0,0,0,0,0,0
"P60709",0,5,70,62,73,76,72,76,92,73,48,55,46,79
"Q96L14",0,0,0,0,0,0,0,0,3,0,0,0,0,0
"A8MYJ9",0,0,0,7,6,6,0,0,0,3,0,0,0,0
"O60812",0,0,0,5,9,12,10,12,19,33,43,35,30,17
"Q9UK32",0,3,0,0,0,0,0,0,0,0,0,0,0,0
"A6NK07",0,0,0,8,41,51,22,14,4,15,18,20,13,8
"Q9NQ39",0,0,0,0,0,0,0,0,0,10,18,19,26,28
"P42025",0,0,77,14,11,4,0,0,0,0,0,0,0,0
"Q96L21",0,0,0,0,0,0,4,12,9,10,8,11,8,5
"Q9P2W9",0,0,0,0,3,0,0,0,0,0,0,0,0,0
"P47985",0,0,0,0,0,0,2,0,0,0,0,0,0,0
"Q9Y4E1",0,10,0,0,0,0,0,0,0,0,0,0,0,0
"P08708",0,0,0,0,27,4,8,0,6,20,4,22,7,14
"P33778",0,2,9,0,10,0,13,0,4,6,0,0,0,0
"Q8TAA3",0,0,55,54,7,0,4,0,7,5,1,0,0,0
"P62987",0,0,14,12,17,14,17,15,16,19,23,18,21,18
"P04908",0,7,8,2,5,6,19,9,15,0,0,0,0,0
"P83916",0,0,0,0,2,0,0,0,0,0,0,0,0,0
"Q9Y4J8",0,0,0,0,0,0,1,0,0,0,0,0,0,0
"P19105",0,37,23,14,13,0,6,0,9,0,0,0,0,0
"P31946",0,21,7,9,14,15,8,7,0,9,2,0,0,0
"P62258",0,0,9,4,0,0,0,0,0,0,0,0,0,0
"Q04917",0,4,0,0,0,0,0,0,0,0,0,0,0,0
"P31947",0,4,0,0,0,0,0,0,0,0,0,0,0,0
"P27348",0,0,0,8,0,0,4,0,0,0,0,0,0,0
"P63104",0,3,7,10,17,16,10,10,11,7,6,0,0,0
"P30153",0,0,7,0,0,3,11,0,0,0,0,0,0,0
"P21589",0,0,0,0,0,0,0,5,7,0,0,0,0,0
"Q8IZ83",0,0,26,16,47,10,3,0,0,0,0,0,0,0
"Q15758",0,12,13,17,19,17,17,11,9,0,0,0,0,0
"P00505",0,4,0,12,6,12,15,6,15,0,0,0,0,0
"P28288",0,0,0,0,0,0,0,2,10,8,0,0,0,0
"P61221",0,0,0,0,0,0,0,6,0,0,0,0,0,0
"Q9NUJ1",0,0,0,9,3,7,4,4,4,1,0,0,0,0
"P53396",0,0,134,23,5,0,7,0,1,14,5,0,0,0
"O14734",0,0,0,5,7,7,4,0,0,0,0,0,0,0
"P13798",0,6,4,0,0,0,0,0,0,0,0,0,0,0
"O95573",0,0,9,0,10,6,10,8,0,0,0,0,0,0
"O43707",0,0,0,2,0,0,0,0,0,0,0,0,0,0
"P61163",0,0,69,24,20,15,17,7,9,0,0,0,0,0
"Q13443",0,17,0,0,0,0,0,0,0,0,0,0,0,0
"Q96D53",0,0,0,12,0,0,0,0,0,0,0,0,0,0
"P11766",0,0,0,0,0,0,0,0,3,0,0,0,0,0
"Q9BRR6",0,0,0,0,0,0,3,0,0,0,0,0,0,0
"P12235",0,0,0,0,0,2,6,3,17,0,0,0,0,0
"P05141",0,0,3,0,4,3,0,0,5,6,6,4,5,3
"P12236",0,0,0,2,0,11,5,18,12,4,3,6,1,0
"O00468",0,0,0,0,0,4,0,0,0,0,0,0,0,0
"Q09666",0,79,71,206,92,137,48,49,51,80,98,42,45,9
"O95433",0,0,0,0,0,0,0,2,0,0,0,0,0,0
"O95831",0,0,11,0,0,0,0,0,0,4,0,0,0,0
"O43823",0,8,0,0,0,0,0,0,0,0,0,0,0,0
"P30837",0,0,8,0,0,0,15,5,6,0,0,0,0,0
"P49419",0,0,0,2,0,0,0,0,0,0,0,0,0,0
"P09972",0,0,14,17,8,11,9,7,9,7,5,0,0,0
"P28838",0,0,0,0,5,6,0,6,0,0,0,0,0,0
"Q92688",0,0,0,0,0,4,0,0,0,5,2,0,0,0
"Q9BTT0",0,1,0,2,0,0,0,0,0,0,0,0,0,0
"O14744",0,0,1,16,12,3,0,0,0,0,0,0,0,0
"Q4KMQ2",0,0,0,0,0,4,0,4,0,0,0,0,0,0
"P16066",0,0,0,0,0,2,0,0,0,0,0,0,0,0
"Q53LP3",0,0,0,3,5,4,2,0,0,0,0,0,0,0
"P04083",0,8,3,0,17,21,17,9,20,10,3,1,0,0
"P12429",0,0,0,0,6,3,6,3,4,4,0,0,0,0
"P08758",0,0,0,0,6,1,15,5,5,0,0,0,0,0
"P08133",0,0,0,0,0,0,0,2,0,0,0,0,0,0
"Q10567",0,0,0,0,0,3,0,0,6,4,7,1,0,0
"Q9BXS5",0,0,0,0,0,0,3,0,0,0,0,0,0,0
"P61966",0,0,0,0,0,1,0,0,0,0,0,0,0,0
"O95782",0,0,2,3,5,3,13,3,0,0,0,0,0,0
"Q96CW1",0,0,0,0,0,0,0,0,0,2,0,0,0,0
"Q9Y2T2",0,0,1,1,0,0,0,0,0,0,0,0,0,0
"P27695",0,0,13,3,8,0,6,0,0,0,0,0,0,0
"Q9HDC9",0,0,3,0,5,8,0,4,0,0,0,0,0,0
"P84077",0,0,0,4,2,4,0,0,0,2,0,0,0,0
"Q9NZ32",0,0,9,0,3,0,0,0,0,0,0,0,0,0
"O43681",0,0,0,3,0,0,0,0,0,0,0,0,0,0
"Q12797",0,0,20,23,32,21,22,16,19,19,22,9,2,3
"P05023",0,0,33,41,53,52,33,38,35,23,9,0,0,0
"P05026",0,0,0,2,0,0,0,0,0,0,0,0,0,0
"P16615",0,0,1,9,18,36,19,35,28,27,6,4,0,0
"P20020",0,0,7,0,9,0,7,4,0,0,1,0,0,0
"P23634",0,0,0,0,1,0,0,0,0,0,0,0,0,0
"P24539",0,0,0,13,18,15,0,23,9,6,0,0,0,0
"Q9NVI7",0,0,0,0,8,8,0,0,4,2,0,0,0,0
"Q7Z3C6",0,0,0,0,1,8,1,0,0,0,0,0,0,0
"Q6DD88",0,0,6,4,10,14,3,11,6,2,0,0,0,0
"O75947",0,17,45,52,93,92,72,29,14,10,0,4,0,0
"O75964",0,0,0,2,6,17,3,8,5,1,0,0,0,0
"P25705",0,20,166,134,297,240,178,164,107,65,39,25,17,23
"P06576",3,11,191,296,383,455,437,336,205,115,51,23,18,17
"P30049",0,0,0,1,4,3,0,0,0,0,0,0,0,0
"P36542",0,0,12,5,3,9,6,0,0,0,0,0,0,0
"P56134",0,0,0,7,14,22,36,17,16,0,0,0,0,0
"P48047",0,0,16,33,46,58,96,34,12,8,0,0,0,0
"Q99700",0,0,0,0,0,0,0,0,0,0,9,6,5,0
"Q9Y679",0,0,0,0,0,0,0,1,1,0,0,0,0,0
"Q9NQS1",0,0,0,1,0,0,0,0,0,0,0,0,0,0
"P04920",0,4,3,10,10,11,2,0,0,0,0,0,0,0
"P15291",0,0,0,0,1,0,1,0,0,0,0,0,0,0
"Q99933",0,0,3,1,0,0,0,0,0,0,0,0,0,0
"O95816",0,0,6,16,17,10,2,5,2,6,5,5,3,0
"O95817",0,18,6,11,3,4,0,0,0,0,0,0,0,0
"P35613",0,0,15,18,29,30,31,21,20,4,7,4,4,0
"P80723",8,15,8,22,27,26,14,11,19,10,6,6,6,3
"Q9P287",0,0,0,0,2,0,4,0,0,0,0,0,0,0
"P08236",0,0,0,5,0,0,0,0,0,0,0,0,0,0
"Q9UHR4",0,0,0,0,0,0,0,5,1,0,0,0,0,0
"Q9Y6D5",0,0,1,2,0,0,0,0,0,0,0,0,0,0
"Q96K17",0,2,0,2,0,0,0,0,0,0,0,0,0,0
"P20290",0,2,23,25,26,29,7,10,12,7,0,0,0,0
"O43684",0,0,0,0,0,0,0,0,1,0,0,0,0,0
"Q13895",0,0,0,0,0,8,0,0,0,0,0,0,0,0
"Q9Y6E2",0,0,0,0,0,0,0,0,2,0,0,0,0,0
"Q99622",0,4,0,0,0,0,2,0,0,0,0,0,0,0
"Q07021",0,63,15,33,43,37,20,19,25,7,11,3,5,0
"Q6UB35",0,0,0,0,0,0,4,18,13,14,21,26,18,0
"Q7Z422",0,2,0,0,0,0,0,0,0,0,0,0,0,0
"P27797",0,0,9,43,50,57,33,39,36,25,24,0,0,0
"O43852",0,0,2,7,11,8,0,0,0,0,0,0,0,0
"Q86VP6",0,0,0,11,0,0,0,0,0,0,0,0,0,0
"Q14444",0,0,12,16,13,27,11,19,25,35,58,67,68,37
"P04040",0,0,7,11,3,4,0,0,4,4,0,0,0,0
"P07339",0,0,4,6,10,6,22,8,12,6,0,0,0,0
"Q03135",0,0,0,0,0,0,0,0,10,9,0,0,0,0
"P52907",0,4,9,5,4,0,0,0,0,0,0,0,0,0
"O75976",0,0,0,0,2,0,0,0,0,0,0,0,0,0
"Q96CT7",0,0,0,0,0,0,0,27,12,11,8,8,5,5
"Q96A33",0,0,0,0,0,3,0,12,17,16,0,0,0,0
"Q4VC31",0,0,0,2,0,1,0,0,0,0,0,0,0,0
"Q9H6F5",0,5,0,0,0,0,0,0,0,0,0,0,0,0
"Q96F63",0,0,0,1,0,0,0,0,0,0,0,0,0,0
"P20248",0,4,0,0,0,0,0,0,0,0,0,0,0,0
"P14635",0,4,0,0,0,0,0,0,0,0,0,0,0,0
"Q8NC60",0,0,0,2,0,0,0,0,0,0,0,0,0,0
"Q6YHK3",0,0,0,0,0,0,2,0,0,0,0,0,0,0
"P16070",0,0,12,11,12,14,19,11,13,13,12,6,7,0
"P48960",0,0,3,0,2,12,6,2,0,0,0,0,0,0
"Q16543",0,30,5,2,2,7,0,0,0,2,1,0,0,0
"Q99459",0,0,0,0,0,0,0,0,0,0,6,8,6,0
"Q9UKY7",0,13,0,0,0,0,0,0,0,0,0,0,0,0
"Q5VT06",0,0,0,0,0,3,0,0,0,0,0,0,0,0
"Q9BRJ6",0,0,0,0,0,0,5,13,6,9,10,12,12,0
"P61604",0,26,12,14,11,18,13,15,18,9,7,0,0,0
"P10809",16,165,556,169,201,220,121,165,149,125,66,52,30,14
"Q9UNE7",0,0,0,2,2,2,0,0,0,0,0,0,0,0
"Q9NZZ3",0,2,0,0,0,1,0,0,0,0,0,0,0,0
"Q99653",0,0,0,5,2,0,0,0,0,0,0,0,0,0
"A8MQ03",0,0,0,0,0,0,2,0,0,0,0,0,0,0
"Q14011",0,0,0,0,2,5,0,0,3,2,0,0,0,0
"O75390",0,0,0,7,0,4,0,4,0,0,0,3,0,0
"Q07065",0,0,1,0,0,2,10,6,14,33,36,22,25,0
"P09496",0,23,0,0,0,0,0,0,0,0,0,0,0,0
"P09497",0,23,0,0,0,0,0,0,0,0,0,0,0,0
"Q00610",0,0,29,54,147,211,208,258,312,273,210,56,31,30
"O00299",0,0,4,0,0,0,0,0,4,0,0,0,0,0
"P30622",0,0,0,0,15,0,0,0,0,0,0,0,0,0
"Q16740",0,0,0,0,0,0,0,0,2,0,0,0,0,0
"Q9Y224",0,0,3,0,0,4,5,6,13,6,10,9,7,0
"Q15021",0,17,0,0,0,0,0,0,0,0,0,0,0,0
"Q9BPX3",0,11,2,0,0,0,0,0,0,0,0,0,0,0
"Q9NZN8",0,0,0,9,0,0,0,0,0,0,0,0,0,0
"Q9Y2B0",0,8,4,20,13,13,6,0,3,0,0,0,0,0
"Q9BT09",0,6,4,8,4,4,0,0,0,0,0,0,0,0
"P23528",0,9,6,15,17,20,6,11,12,16,7,9,10,0
"P53618",0,0,20,2,6,4,2,0,0,0,0,0,0,0
"P35606",0,0,17,2,0,0,0,0,0,0,0,0,0,0
"P48444",0,0,5,0,0,6,0,0,0,0,0,0,0,0
"O14579",0,0,0,16,4,0,0,0,0,0,0,0,0,0
"Q9Y678",0,0,46,2,4,0,0,0,0,0,0,0,0,0
"Q9UBF2",0,0,0,11,0,0,6,0,1,0,0,0,0,0
"P61923",0,0,2,0,0,0,2,0,0,0,0,0,0,0
"O75208",0,5,0,0,2,2,0,1,0,0,0,0,0,0
"Q9BR76",0,0,0,4,0,2,0,0,0,0,0,0,0,0
"P13073",0,0,0,0,0,6,0,0,0,7,4,0,0,0
"P20674",0,9,0,15,23,22,11,15,8,9,11,9,8,0
"P10606",0,0,0,0,0,5,0,0,1,0,0,0,0,0
"Q86YQ8",0,0,0,0,0,0,0,2,3,0,0,0,0,0
"P04632",0,4,0,10,2,3,0,0,0,0,0,0,0,0
"O43809",0,0,0,7,0,0,0,0,0,0,0,0,0,0
"Q8N684",0,0,0,9,1,0,0,0,0,0,0,0,0,0
"P50416",0,0,19,19,10,6,13,5,6,7,0,0,0,0
"Q969H8",0,0,0,0,0,4,0,0,0,0,0,0,0,0
"P19784",0,0,0,0,1,0,0,0,0,0,0,0,0,0
"Q9UNS2",0,11,8,0,0,0,0,0,0,0,0,0,0,0
"Q9BT78",0,1,8,10,4,4,0,2,0,0,0,0,0,0
"Q9UBW8",0,0,4,2,0,0,0,0,0,0,0,0,0,0
"Q99627",0,3,0,3,0,0,0,0,0,0,0,0,0,0
"Q6UVK1",0,0,0,0,0,0,1,0,0,0,0,0,0,0
"P33240",0,11,0,12,0,0,0,0,0,0,0,0,0,0
"Q9NWU2",0,0,6,24,10,6,0,0,0,0,0,0,0,0
"Q13616",0,0,0,0,0,0,0,4,0,0,0,0,0,0
"Q13617",0,0,1,0,0,0,0,0,0,0,0,0,0,0
"Q13619",0,0,0,3,0,0,4,0,0,0,0,0,0,0
"Q13620",0,1,0,0,0,0,0,0,0,0,0,0,0,0
"P78310",0,0,0,0,0,0,4,0,0,0,0,0,0,0
"Q9HB71",0,0,0,0,4,3,2,0,6,0,0,0,0,0
"P16989",0,20,8,28,25,17,16,13,13,20,31,20,21,15
"Q13409",0,0,22,0,0,0,0,0,0,0,0,0,0,0
"Q9Y6G9",0,0,40,3,15,9,0,3,1,0,0,0,0,0
"O43237",0,0,26,0,19,10,0,0,0,0,0,0,0,0
"Q9UJW0",0,0,4,0,0,0,0,0,0,0,0,0,0,0
"Q16531",0,0,14,6,9,10,4,4,4,2,0,0,0,0
"Q96HY6",0,5,0,0,0,2,3,0,5,0,0,0,0,0
"Q92499",0,0,5,11,0,2,5,10,13,2,0,0,0,0
"Q9UHI6",0,0,0,0,0,0,0,2,2,1,0,4,7,0
"Q9NR30",0,0,0,0,0,0,0,0,2,0,7,8,7,0
"Q9BUQ8",0,0,0,0,0,0,0,0,0,0,0,0,4,0
"Q9GZR7",0,0,0,0,0,0,0,4,0,0,0,0,0,0
"O00571",0,0,34,53,54,21,13,21,22,17,14,4,6,0
"P17844",0,0,0,0,0,0,0,10,9,24,24,16,12,0
"P26196",0,0,0,7,12,11,3,9,7,0,0,0,0,0
"Q9Y315",0,0,6,17,11,6,0,0,0,0,0,0,0,0
"P51659",0,0,0,0,2,0,6,5,3,0,0,0,0,0
"P00367",0,0,42,0,10,9,19,36,84,58,47,15,24,17
"P31040",0,3,2,3,4,0,8,0,0,0,0,0,0,0
"Q00796",0,0,0,0,0,1,0,0,0,0,0,0,0,0
"O43143",0,0,0,0,0,0,8,3,4,0,0,0,0,0
"Q7L2E3",0,0,0,0,0,0,0,0,5,0,0,0,0,0
"Q9H2U1",0,0,0,0,0,0,0,0,9,9,9,6,3,0
"Q08211",0,0,0,0,0,0,8,11,21,19,19,0,0,0
"O60610",0,10,0,5,0,0,0,0,0,0,0,0,0,0
"Q9P265",0,0,0,7,2,2,1,0,0,0,0,0,0,0
"Q9UBS4",0,0,2,0,0,0,0,0,0,0,0,0,0,0
"O75165",0,0,0,3,0,0,22,27,42,15,2,0,0,0
"P09622",0,0,5,6,21,6,14,4,6,0,0,0,0,0
"Q9Y2H0",0,4,0,0,0,0,0,0,0,0,0,0,0,0
"P31689",0,0,28,21,14,9,1,0,0,0,0,0,0,0
"O60884",0,0,6,12,2,4,0,0,0,0,0,0,0,0
"Q96EY1",0,0,2,0,7,5,0,0,0,0,0,0,0,0
"Q13217",0,0,2,6,3,0,0,0,0,0,0,0,0,0
"O75937",0,0,0,3,1,0,0,0,0,0,0,0,0,0
"O00429",0,0,0,0,0,2,0,0,0,0,0,0,0,0
"Q9BVM2",0,0,0,4,0,0,0,0,0,0,0,0,0,0
"P49005",0,0,0,0,1,7,0,0,2,3,0,0,0,0
"Q9C005",0,0,19,17,10,9,0,3,3,0,0,0,0,0
"Q9Y295",0,0,0,0,0,0,3,0,0,0,0,0,0,0
"Q6IAN0",0,0,0,0,0,0,3,0,4,0,0,0,0,0
"Q14126",0,13,0,3,7,6,3,7,9,0,0,0,0,0
"P55265",0,0,0,0,0,0,0,0,0,7,10,5,2,0
"Q9NX74",0,12,0,0,0,0,0,0,0,0,0,0,0,0
"Q96G46",0,0,0,1,5,5,4,2,0,0,0,0,0,0
"Q14204",0,0,635,327,244,178,34,24,19,9,0,0,0,0
"P63172",0,0,7,4,8,0,3,0,0,0,0,0,0,0
"P19525",0,0,0,4,6,10,11,11,13,2,0,0,0,0
"Q13011",0,0,0,0,2,4,0,6,6,9,6,6,7,0
"P40939",0,0,248,121,153,132,141,83,63,22,7,1,1,0
"P55084",0,0,31,63,61,48,31,11,6,4,0,0,0,0
"P30084",0,16,7,5,10,7,6,8,11,0,0,0,0,0
"O75521",0,0,0,0,0,0,0,0,0,0,1,2,6,0
"Q6P2E9",0,0,2,0,0,0,0,7,18,57,34,13,7,0
"P68104",0,8,59,121,69,80,29,22,26,17,0,0,0,0
"Q05639",0,0,2,4,0,0,0,0,0,0,0,0,0,0
"P24534",0,34,58,25,16,18,6,14,13,10,16,15,11,3
"P13639",0,20,53,36,80,71,106,135,151,113,74,62,52,31
"Q96RP9",0,0,0,5,3,3,0,0,0,0,0,0,0,0
"Q8IYU8",0,0,0,0,0,0,0,0,2,0,0,0,0,0
"P00533",0,0,0,2,4,7,5,11,6,0,0,0,0,0
"Q8N3D4",0,1,0,0,0,0,0,0,0,0,0,0,0,0
"P49770",0,0,0,0,0,0,9,2,9,9,0,2,0,0
"P41214",0,0,0,0,0,0,4,0,0,0,0,0,0,0
"Q14152",0,0,0,0,88,132,121,71,71,47,28,34,18,6
"O15371",0,0,0,0,10,21,13,0,6,8,6,1,4,0
"P60228",0,0,0,0,10,48,20,48,24,14,0,0,0,0
"O75821",0,0,0,0,12,47,15,11,6,7,0,0,0,6
"Q13347",0,0,0,0,11,25,8,4,5,3,0,0,0,0
"O75822",0,0,0,3,17,30,9,1,0,0,0,0,0,0
"Q9UBQ5",0,0,0,0,0,15,3,0,0,0,3,5,0,0
"Q7L2H7",0,0,0,0,1,12,19,0,5,2,4,0,2,0
"Q15369",0,0,6,6,4,2,0,0,0,0,0,0,0,0
"O95163",0,0,15,5,0,0,0,0,0,0,0,0,0,0
"Q6IA86",0,0,2,0,0,0,0,0,0,0,0,0,0,0
"Q9H9T3",0,0,15,11,0,0,0,0,0,0,0,0,0,0
"P06733",0,36,110,116,148,178,114,165,157,137,71,46,32,11
"P13929",0,0,0,0,3,0,0,0,0,0,0,0,0,0
"P14625",0,2,46,24,43,40,47,30,42,49,37,13,13,4
"P29317",0,0,0,0,0,0,0,5,0,0,0,0,0,0
"P58107",0,0,0,3,0,0,0,0,0,0,0,0,0,0
"Q14677",0,0,0,0,0,0,0,0,17,42,46,12,6,2
"P62495",0,0,0,4,2,2,0,2,2,0,0,0,0,0
"O94905",0,0,0,0,0,0,15,13,17,35,15,10,10,1
"P30040",0,0,5,13,15,20,4,11,0,11,15,0,0,0
"P30042",0,0,0,0,4,2,3,0,0,0,0,0,0,0
"Q9H6S3",0,0,0,3,0,3,0,0,0,0,0,0,0,0
"P13804",0,0,4,11,15,18,15,17,13,7,0,0,0,0
"P38117",0,0,0,0,2,0,0,0,0,0,0,0,0,0
"Q96KP1",0,0,0,0,0,0,5,0,2,0,0,0,0,0
"Q13868",0,0,0,3,2,0,9,0,0,0,0,0,0,0
"Q9NQT5",0,0,0,0,0,0,0,4,0,0,0,0,0,0
"Q5RKV6",0,0,2,0,0,0,0,0,0,0,0,0,0,0
"Q01780",0,0,0,0,0,0,0,2,0,0,0,0,0,0
"P15311",0,0,7,0,7,7,3,9,8,11,4,0,0,0
"P50502",0,4,0,0,0,8,0,0,0,5,12,6,7,0
"Q9NZB2",0,0,0,0,0,0,0,0,0,24,29,22,21,0
"Q9GZU8",0,10,2,2,0,0,0,0,0,0,0,0,0,0
"Q9NSI2",0,0,0,0,16,6,0,0,0,0,0,0,0,0
"O60825",0,6,0,0,0,0,0,0,0,0,0,0,0,0
"Q641Q2",0,18,5,12,0,0,0,0,0,0,0,0,0,0
"Q5VSL9",0,0,0,6,15,6,0,0,0,0,0,0,0,0
"Q8NCA5",0,0,0,0,0,0,0,3,3,2,4,0,2,0
"Q8IVS2",0,0,0,5,0,0,0,0,0,0,0,0,0,0
"O75844",0,0,0,0,0,0,0,2,1,1,0,0,0,0
"Q96CS3",0,0,0,0,0,0,14,9,4,2,0,0,0,0
"Q6P587",0,0,0,0,0,0,0,4,0,0,0,0,0,0
"P49327",0,0,210,61,21,10,12,14,15,0,1,0,0,0
"P39748",0,0,8,8,6,0,3,0,0,0,0,0,0,0
"Q9Y613",0,8,0,0,0,0,0,2,0,0,0,0,0,0
"Q00688",0,0,4,19,3,0,0,0,0,0,0,0,0,0
"Q02790",0,0,6,2,5,5,2,0,0,0,0,0,1,0
"P21333",0,0,0,0,0,5,0,0,12,10,9,7,10,6
"O75369",0,0,0,0,0,0,0,0,0,0,0,0,6,0
"O75955",0,0,0,0,0,0,25,45,62,59,34,11,6,0
"Q05932",0,0,0,0,0,0,1,0,0,0,0,0,0,0
"P85037",0,5,0,0,0,0,0,0,0,0,0,0,0,0
"P02794",0,5,32,30,36,18,0,0,0,0,0,0,0,0
"P07954",0,0,23,14,16,25,18,13,14,18,2,0,0,0
"P51114",0,0,0,10,12,6,0,0,1,0,0,0,0,0
"Q13283",0,0,6,12,26,28,28,22,33,38,61,56,49,24
"Q9UN86",0,0,0,0,2,0,2,0,0,0,9,0,6,0
"Q8TAE8",0,0,0,5,68,23,12,6,9,8,4,0,1,0
"P06744",0,2,33,31,31,31,30,28,35,12,2,0,0,0
"O14976",0,0,0,0,0,0,0,0,4,7,0,0,0,0
"Q10471",0,0,0,0,0,0,5,15,5,4,0,0,0,0
"Q9UBI6",0,0,0,4,4,7,9,8,8,0,0,0,0,0
"Q92616",0,4,35,6,10,0,22,5,3,0,0,0,0,0
"Q9BSJ2",0,0,0,0,2,0,0,0,0,0,0,0,0,0
"P31150",0,0,0,0,0,0,0,0,0,2,0,0,0,0
"Q8TEQ6",0,0,0,0,4,4,7,9,12,0,0,0,0,0
"Q06210",0,0,2,0,0,0,0,0,0,0,0,0,0,0
"Q14161",0,0,6,0,0,0,0,0,0,0,0,0,0,0
"P04062",0,0,4,0,0,0,0,2,0,0,0,0,0,0
"O94925",0,0,0,0,0,0,1,0,0,0,0,0,0,0
"P14314",0,13,0,10,18,14,0,0,11,21,20,16,13,2
"P34896",0,0,11,5,7,10,16,12,12,0,0,0,0,0
"P34897",0,0,57,24,22,16,15,5,6,10,11,6,0,0
"P29992",0,0,0,3,0,0,0,0,0,0,0,0,0,0
"P04899",0,0,0,0,0,2,10,5,6,0,0,0,0,0
"P08754",0,0,0,0,0,0,3,0,0,2,0,0,0,0
"Q08378",0,2,0,7,0,0,0,0,0,0,0,0,0,0
"Q14789",0,0,2,0,0,0,2,0,0,0,0,0,0,0
"O00461",0,0,0,3,0,12,0,2,1,4,6,3,2,0
"Q9H8Y8",0,10,4,9,5,5,2,4,2,0,0,0,0,0
"O43292",0,0,0,0,0,0,3,2,0,0,0,0,0,0
"P35052",0,0,0,0,0,4,0,0,0,1,0,0,0,0
"Q92643",0,0,0,9,6,9,15,9,4,0,4,0,0,0
"Q92917",0,6,0,0,0,0,0,0,0,0,0,0,0,0
"Q3KR37",0,0,0,0,2,1,0,0,0,0,0,0,0,0
"P38646",0,34,127,96,127,125,95,85,141,87,65,48,49,18
"Q9BQ67",0,0,0,0,0,0,6,0,0,0,0,0,0,0
"Q14687",0,0,4,0,0,0,0,0,0,0,0,0,0,0
"P48637",0,1,0,0,0,0,0,0,0,0,0,0,0,0
"Q8NBJ5",0,8,14,5,6,2,7,0,0,4,1,0,0,0
"P78347",0,0,11,24,28,31,0,10,0,0,0,0,0,0
"P49915",0,0,2,0,0,3,0,0,0,0,0,0,0,0
"P13807",0,0,0,0,0,0,0,10,92,108,77,19,7,10
"P62805",0,0,0,0,0,0,0,0,0,0,0,2,0,0
"Q9UJ83",0,0,0,0,0,0,0,2,2,0,0,0,0,0
"Q13442",0,0,0,5,0,0,0,0,0,0,0,0,0,0
"O14929",0,0,0,0,0,0,6,0,0,0,0,0,0,0
"Q99714",0,6,17,21,30,16,37,26,27,39,6,5,0,0
"P51610",0,4,0,0,0,0,0,0,0,0,0,0,0,0
"P51858",0,0,11,27,22,29,8,5,5,0,0,0,0,0
"O95714",0,0,0,0,0,4,0,0,4,3,0,0,0,0
"O94992",0,3,1,0,0,0,0,0,0,0,0,0,0,0
"P09429",0,0,0,9,7,6,4,0,0,0,0,0,0,0
"O15347",0,7,0,2,0,0,0,0,0,0,0,0,0,0
"Q9H910",0,18,0,0,0,0,0,0,0,0,0,0,0,0
"O14979",0,0,2,26,32,24,0,0,5,0,0,0,0,0
"P31942",0,4,2,9,9,2,2,0,0,0,0,0,0,0
"Q9BUJ2",0,0,15,0,12,0,0,2,2,0,0,0,0,0
"Q1KMD3",0,0,0,0,7,7,4,4,5,13,5,2,0,0
"Q14103",0,0,15,39,24,39,9,14,20,17,14,12,8,9
"P52597",0,0,0,0,6,5,8,5,8,0,0,0,0,0
"P38159",0,0,0,0,0,8,0,4,10,15,15,18,20,10
"P14866",0,0,8,15,14,17,8,5,4,0,0,0,0,0
"P52272",0,14,0,0,7,14,30,40,41,51,40,23,14,0
"O60506",0,0,11,37,69,58,53,56,83,100,72,80,44,19
"O43390",0,0,0,8,16,24,16,28,44,27,29,18,15,1
"Q00839",0,18,19,77,144,121,84,132,150,136,129,86,52,43
"Q9NSC5",0,0,0,5,0,0,0,0,0,0,0,0,0,0
"Q86VS8",0,0,0,0,2,0,0,0,0,0,0,0,0,0
"P37235",0,0,0,4,0,0,0,0,0,0,0,0,0,0
"Q92598",0,0,6,0,0,0,0,0,0,1,0,0,0,0
"O95757",0,4,0,0,0,0,0,0,0,0,0,0,0,0
"P08238",0,29,106,54,76,72,56,52,75,57,47,32,29,26
"Q6YN16",0,0,0,0,0,0,1,0,3,0,0,0,0,0
"P08107",0,2,63,69,65,57,32,42,41,42,26,17,16,9
"P54652",0,0,110,45,49,39,41,26,39,36,24,14,0,0
"P34932",0,0,47,19,29,9,18,4,7,4,0,0,0,0
"P11142",0,18,312,192,237,210,148,135,165,148,124,96,83,59
"P04792",0,19,23,46,13,23,9,8,9,11,13,7,6,0
"O43719",0,0,3,0,0,0,0,0,0,0,0,0,0,0
"Q9Y4L1",0,2,18,14,16,20,9,8,11,17,0,0,0,0
"P54105",0,0,3,5,0,0,0,0,0,0,0,0,0,0
"P50213",0,0,5,8,0,2,0,0,0,0,0,0,0,0
"O75874",0,0,0,0,0,4,11,2,2,0,0,0,0,0
"Q16666",0,0,0,0,0,0,0,5,0,0,0,0,0,0
"P47813",0,0,0,6,0,5,0,0,0,0,0,0,0,0
"P05198",0,0,7,9,20,14,28,16,15,3,3,0,0,0
"P20042",0,0,0,0,5,5,4,0,1,0,0,0,0,0
"Q9NZI8",0,0,0,0,0,0,0,0,0,26,31,39,32,5
"Q9Y6M1",0,0,0,0,0,0,7,0,6,0,1,2,0,0
"O00425",0,0,0,0,0,0,3,5,16,10,14,12,8,0
"O60841",0,0,0,0,7,0,2,2,0,0,0,0,0,0
"P60842",0,0,38,60,77,92,54,47,48,20,5,1,0,0
"P38919",0,0,0,0,0,0,5,12,18,11,4,3,2,0
"P23588",0,49,0,9,1,0,0,0,0,0,0,0,2,0
"P78344",0,0,0,9,20,22,9,5,4,1,0,0,2,0
"O43432",0,0,0,0,0,4,0,0,0,0,0,0,0,0
"Q15056",0,0,0,0,7,5,0,0,0,0,0,0,0,0
"P55010",0,0,0,0,0,0,3,0,0,0,0,0,0,0
"P56537",0,0,0,0,0,0,10,12,10,7,0,0,0,0
"O14879",0,0,0,0,0,0,0,0,0,4,0,0,0,0
"P30740",0,0,0,0,0,0,0,0,3,0,0,0,0,0
"Q12905",0,0,0,0,0,0,27,72,60,84,53,48,34,0
"A1L0T0",0,0,8,7,5,0,16,0,0,0,0,0,0,0
"P52292",0,0,23,0,7,0,0,0,0,2,0,0,0,0
"O00629",0,0,2,0,0,0,0,0,0,0,0,0,0,0
"Q14974",0,10,34,5,9,11,28,14,23,3,2,0,0,0
"P12268",0,0,158,67,20,16,0,0,6,0,0,0,0,0
"Q27J81",0,0,4,0,0,2,0,0,0,0,0,0,0,0
"Q9UI26",0,0,0,1,0,0,0,0,0,0,0,0,0,0
"O95373",0,10,8,2,4,0,5,0,0,0,0,0,0,0
"Q96P70",0,0,0,3,1,0,4,0,0,0,0,0,0,0
"Q15181",0,0,5,0,5,4,4,0,3,0,0,0,0,0
"P46940",0,0,8,13,16,6,22,0,9,4,3,0,0,0
"P17301",0,8,23,0,0,5,4,3,0,5,0,0,0,0
"P08648",0,0,10,6,11,11,11,10,0,0,0,0,0,0
"P06756",0,0,0,4,2,0,0,0,0,0,0,0,0,0
"P05556",0,0,42,14,26,36,22,26,21,16,0,0,0,0
"P16144",0,2,4,2,10,5,0,2,6,0,0,0,0,0
"Q14643",0,0,0,0,0,0,12,3,0,0,0,0,0,0
"Q14573",0,0,0,0,0,7,18,11,9,3,2,0,0,0
"P17275",0,0,0,3,0,0,0,0,0,0,0,0,0,0
"Q8N766",0,0,0,0,0,0,3,0,5,1,0,0,0,0
"A3KMH1",0,0,0,4,0,0,0,0,0,0,0,0,0,0
"Q8N163",0,0,34,18,31,33,17,8,6,5,3,0,0,0
"P05783",0,1,2,8,10,3,3,0,2,4,0,0,0,0
"P04264",0,4,0,0,18,0,7,0,2,0,0,0,0,0
"P08237",0,0,13,3,0,0,0,0,0,0,0,0,0,0
"P17858",0,0,26,10,5,5,6,4,5,5,0,0,0,0
"Q01813",0,0,27,24,23,6,13,0,3,0,0,0,0,0
"P54819",0,0,0,4,0,0,0,0,0,0,0,0,0,0
"P10644",0,0,0,2,0,0,0,0,0,0,0,0,0,0
"P13861",0,0,10,0,9,2,0,0,0,0,0,0,0,0
"Q9P0J7",0,0,22,4,12,5,0,0,0,0,0,0,0,0
"Q07666",0,0,0,2,6,6,0,0,0,0,0,0,0,0
"P33176",0,0,3,0,0,0,0,0,0,0,0,0,0,0
"Q9H0B6",0,8,0,0,0,0,0,0,0,0,0,0,0,0
"P46019",0,0,4,0,0,0,0,0,0,0,0,0,0,0
"Q93100",0,0,0,2,0,0,0,0,0,0,0,0,0,0
"P14618",0,34,162,133,167,144,143,124,139,79,73,33,28,27
"Q16719",0,5,7,12,13,10,21,10,12,0,0,0,0,0
"P05455",0,1,0,0,5,4,6,3,8,0,0,0,0,0
"O15230",0,0,3,4,1,0,0,0,0,0,0,0,0,0
"P07942",0,0,6,10,0,1,0,0,0,0,0,0,0,0
"P11279",0,0,0,0,0,0,7,0,0,0,0,0,0,0
"P42166",0,0,0,0,0,0,0,0,0,0,0,2,5,0
"Q6PKG0",0,4,0,0,0,0,0,14,7,15,21,37,16,0
"Q9Y4W2",0,0,0,0,0,0,0,1,6,5,3,0,0,0
"Q9UIQ6",0,1,3,7,5,7,3,0,0,0,0,0,0,0
"P00338",0,53,23,46,38,46,39,53,53,35,21,0,12,12
"P07195",0,0,11,16,26,32,35,30,46,34,27,20,14,15
"P09382",0,3,1,4,6,3,5,4,5,0,0,0,0,0
"O95202",0,0,1,0,0,0,0,0,0,0,0,0,0,0
"Q08380",0,0,26,27,53,47,22,13,0,0,0,0,0,0
"Q04760",0,0,0,4,0,1,0,0,1,0,0,0,0,0
"P49257",0,0,9,10,22,25,29,14,6,0,0,0,0,0
"Q12907",0,0,0,2,0,0,4,0,0,0,0,0,0,0
"P02545",0,0,0,0,0,3,0,0,8,11,5,2,5,4
"Q9C0E8",0,0,6,0,3,0,5,0,0,0,0,0,0,0
"P36776",0,0,48,35,4,6,0,0,0,0,0,0,0,0
"Q93052",0,0,3,2,2,0,3,3,0,0,0,0,0,0
"P42704",0,0,24,46,21,28,42,33,21,6,0,0,0,0
"Q5VZK9",0,4,0,0,0,0,0,0,0,0,0,0,0,0
"Q8N1G4",0,0,0,0,2,0,0,0,0,0,0,0,0,0
"Q96AG4",0,0,0,0,0,4,4,19,23,12,13,8,8,0
"Q8IWT6",0,0,0,0,0,0,0,2,0,0,0,0,0,0
"Q32MZ4",0,18,0,0,1,0,0,0,0,0,0,0,0,0
"Q9H089",0,0,0,0,0,0,0,5,2,0,0,0,0,0
"Q6IAA8",0,2,0,0,0,0,0,3,2,3,0,0,0,0
"Q96GA3",0,0,0,0,31,16,0,0,0,0,0,0,0,0
"O43318",0,6,0,0,0,0,0,0,0,0,0,0,0,0
"Q16706",0,0,0,0,0,2,0,0,0,0,0,0,0,0
"Q3KQU3",0,0,0,0,6,4,2,1,0,0,0,0,1,0
"Q9UNF1",0,3,2,8,9,7,0,0,0,0,0,0,0,0
"Q9H0U3",0,0,0,0,0,0,0,0,4,0,0,0,0,0
"Q15691",0,0,0,3,5,4,3,5,0,0,0,0,0,0
"Q15555",0,0,2,0,0,0,0,0,0,0,0,0,0,0
"Q9NZL9",0,0,0,3,0,0,0,0,0,0,0,0,0,0
"O43324",0,0,3,14,6,0,6,5,13,19,0,8,0,0
"Q96RQ3",0,0,11,0,0,0,0,0,0,0,0,0,0,0
"Q9HCC0",0,0,15,19,5,0,2,0,4,0,0,0,0,0
"P49736",0,0,117,21,2,4,0,0,0,0,0,0,0,0
"P25205",0,0,91,54,9,19,2,2,5,3,2,0,0,0
"P33991",0,0,129,20,9,4,0,0,0,0,0,0,0,0
"P33992",0,0,78,15,10,8,0,2,1,0,0,0,0,0
"Q14566",0,0,62,10,12,9,0,0,0,0,0,0,0,0
"P33993",0,0,93,45,0,0,0,0,2,0,0,0,0,0
"P40926",0,9,12,18,21,28,42,32,33,11,0,0,0,0
"Q9BQA1",0,0,0,2,0,0,0,0,0,0,0,0,0,0
"Q7L2J0",0,0,16,0,0,0,0,0,0,0,0,0,0,0
"Q14696",0,0,0,2,1,4,0,0,0,0,0,0,0,0
"P08581",0,0,0,2,0,4,7,7,3,1,0,0,0,0
"P31153",0,0,0,0,4,6,4,3,4,0,0,0,0,0
"Q5JRA6",0,7,0,0,0,0,0,0,0,0,0,0,0,0
"Q9Y3D0",0,19,0,0,0,0,0,0,0,0,0,0,0,0
"Q14165",0,0,0,0,0,7,0,3,8,10,5,4,4,0
"Q96T76",0,0,2,0,0,0,0,0,0,0,0,0,0,0
"Q02252",0,0,0,0,0,0,0,0,0,0,0,2,3,0
"P26038",0,0,25,27,32,20,26,7,10,8,6,7,0,0
"Q9HCE1",0,0,0,0,0,0,5,0,3,9,11,0,10,0
"Q00325",0,0,0,0,0,0,1,0,0,0,0,0,0,0
"Q10713",0,2,0,0,0,0,0,0,0,0,0,0,0,0
"P20645",0,0,0,0,0,0,0,0,2,9,4,0,0,0
"P11717",0,0,0,0,0,0,0,0,2,0,0,0,0,0
"O15438",0,0,0,1,0,1,11,2,0,0,0,0,0,0
"P43246",0,0,5,0,5,0,6,0,1,0,0,0,0,0
"P20585",0,0,0,0,0,0,0,3,0,0,0,0,0,0
"P52701",0,0,0,0,0,0,0,1,0,0,0,0,0,0
"Q96DH6",0,0,0,0,1,0,0,0,0,0,3,0,1,0
"Q15800",0,0,0,0,0,4,2,2,0,0,0,0,0,0
"Q13126",0,0,0,1,2,0,2,0,0,4,0,0,0,0
"Q14764",0,0,0,0,0,0,3,131,65,14,3,0,0,0
"P35579",0,36,116,32,51,38,37,27,36,34,29,9,8,0
"P60660",0,70,34,28,18,14,10,2,6,6,0,0,0,0
"P14649",0,5,0,0,0,0,0,0,0,0,0,0,0,0
"O00159",0,0,0,0,0,0,0,4,0,20,20,6,7,0
"Q9NZM1",0,0,12,14,60,70,106,51,62,30,0,0,0,0
"Q6P582",0,0,0,0,2,0,6,0,0,0,0,0,0,0
"P41227",0,0,3,0,1,0,0,0,0,0,0,0,0,0
"Q9BWU0",0,0,3,0,0,0,0,0,0,0,0,0,0,0
"P43490",0,0,0,5,2,0,5,1,0,0,0,0,0,0
"Q9UHQ9",0,0,0,0,0,0,11,0,1,0,0,0,0,0
"P00387",0,0,0,2,7,6,7,9,6,0,0,0,0,0
"Q09161",0,0,0,0,0,0,0,0,0,4,2,0,0,0
"Q969V3",0,0,0,0,0,0,0,8,7,17,16,8,0,0
"Q92597",0,0,0,0,0,0,4,0,0,0,0,0,0,0
"Q16718",0,0,2,17,8,11,0,8,9,2,1,0,0,0
"Q16795",0,0,0,0,0,0,0,4,9,2,0,0,0,0
"P17568",0,0,0,0,0,0,0,0,0,0,0,2,3,0
"Q9BU61",0,0,0,0,0,1,0,0,0,0,0,0,0,0
"O75306",0,0,0,6,2,3,0,0,0,0,0,0,0,0
"O75489",0,0,5,1,6,0,22,10,13,0,2,0,0,0
"O00217",0,0,0,0,0,4,0,0,6,7,0,0,0,0
"P49821",0,0,0,0,0,0,0,4,0,0,0,0,0,0
"Q8TD19",0,0,0,7,0,0,0,0,0,0,0,0,0,0
"Q8NCF5",0,6,0,0,0,0,0,0,0,0,0,0,0,0
"Q6ZNB6",0,0,0,0,0,0,0,0,3,4,2,0,0,0
"Q8NBF2",0,0,0,0,2,0,0,0,0,0,0,0,0,0
"O14745",0,0,0,11,17,11,0,4,1,0,0,0,0,0
"Q92542",0,0,0,2,0,0,0,0,0,0,0,0,0,0
"P30419",0,0,0,0,1,0,2,0,0,0,0,0,0,0
"Q13423",0,0,0,0,0,0,10,2,0,0,0,0,0,0
"Q5SY16",0,0,0,0,0,0,0,0,3,0,0,0,0,0
"Q15233",0,0,0,6,3,9,0,0,0,0,0,0,0,0
"Q9Y2X3",0,0,0,0,0,0,2,2,0,0,0,0,0,0
"Q9Y314",0,0,0,0,6,5,3,3,5,0,0,0,0,0
"Q04721",0,0,0,0,0,0,0,6,0,0,0,0,0,0
"P55209",0,16,20,14,17,18,12,10,10,1,3,0,0,0
"P06748",0,71,27,17,15,28,20,41,35,40,9,29,16,24
"P15559",0,0,2,4,0,0,0,0,0,0,0,0,0,0
"P46459",0,0,8,23,18,16,10,0,0,0,0,0,0,0
"Q08J23",0,0,0,6,11,21,26,52,40,25,16,15,1,0
"P49790",0,2,0,0,0,0,0,0,0,0,0,0,0,0
"Q5SRE5",0,2,1,0,0,0,0,0,0,0,0,0,0,0
"P35658",0,5,2,0,0,1,0,0,0,0,0,0,0,0
"Q02818",0,4,0,0,0,0,0,0,0,0,0,0,0,0
"P80303",0,0,0,3,0,4,0,0,0,0,0,0,0,0
"P19338",0,0,34,41,89,131,88,129,89,77,40,30,17,13
"Q9Y266",0,2,0,7,0,3,0,0,0,6,0,0,0,0
"Q7Z417",0,0,0,0,0,0,0,0,0,0,0,16,21,0
"Q9UKX7",0,10,0,0,0,0,0,0,0,0,0,0,0,0
"Q9UBU9",0,0,0,0,0,0,0,0,1,0,0,0,0,0
"Q9Y6K5",0,0,0,0,0,0,0,7,0,0,5,0,6,0
"P04181",0,0,0,0,0,0,0,2,0,2,0,0,0,0
"Q9NX40",0,0,0,0,0,0,0,0,6,0,0,0,0,0
"P11182",0,0,0,0,2,0,7,0,0,0,0,0,0,0
"Q02218",0,0,0,7,104,57,0,4,0,0,0,0,0,0
"P10515",0,0,0,0,20,67,5,6,0,0,0,0,0,0
"P11177",0,0,16,29,32,85,26,7,10,0,0,0,0,0
"O00330",0,0,0,0,0,12,0,0,0,0,0,0,0,0
"Q9NTK5",0,0,7,0,4,0,10,0,2,3,0,0,0,0
"P22059",0,0,0,0,0,0,1,0,0,0,0,0,0,0
"P39656",0,0,0,0,0,0,9,11,14,21,11,11,8,0
"Q92882",0,4,0,0,0,0,0,0,0,0,0,0,0,0
"Q96G74",0,3,0,0,0,0,0,0,0,0,0,0,0,0
"O00443",0,0,0,0,0,0,0,0,0,0,24,0,0,0
"P13674",0,0,5,4,2,0,4,0,0,0,0,0,0,0
"Q6IN85",0,0,5,7,0,0,0,0,0,0,0,0,0,0
"Q96C36",0,0,0,0,0,0,0,1,4,5,3,5,6,0
"P54886",0,1,0,0,1,0,0,0,0,0,0,0,0,0
"Q8WXI9",0,0,0,0,0,0,3,2,0,0,0,0,0,0
"Q9UQ80",0,0,3,6,12,14,28,50,26,45,55,69,38,13
"Q8NC51",0,0,0,0,0,0,3,20,26,41,37,67,62,59
"Q8WX93",0,2,0,0,0,0,0,0,0,0,0,0,0,0
"Q99497",0,8,0,6,6,0,0,0,0,0,0,0,0,0
"P09874",0,0,0,0,0,0,0,1,0,0,8,10,15,0
"Q9UKK3",0,0,0,0,0,0,0,12,4,0,0,0,0,0
"Q86TB9",0,9,0,0,0,0,0,0,0,0,0,0,0,0
"Q8NF37",0,0,3,0,2,0,4,0,0,0,0,0,0,0
"Q15365",0,0,12,18,11,12,8,15,12,14,6,5,5,8
"P12004",0,0,0,5,0,4,2,0,4,7,3,0,0,0
"Q9BUL8",0,0,4,0,0,0,0,0,0,0,0,0,0,0
"O14737",0,23,26,15,0,10,0,0,0,0,0,0,0,0
"O75340",0,0,0,0,0,10,9,28,30,18,0,0,0,0
"Q9H2J4",0,0,8,6,0,0,0,0,0,0,0,0,0,0
"P07237",0,20,21,44,33,47,26,38,38,30,9,2,1,0
"P30101",0,18,35,49,51,59,44,34,33,38,25,16,16,1
"P13667",0,0,0,0,0,3,0,0,0,0,0,0,0,0
"Q9BY77",0,0,0,0,0,0,0,0,0,1,3,0,0,0
"O00764",0,0,2,3,0,0,0,2,0,0,0,0,0,0
"P30086",0,0,0,2,5,0,0,0,0,0,0,0,0,0
"Q9UBV8",0,0,0,0,0,1,0,0,6,0,0,0,0,0
"Q8IZL8",0,0,0,0,0,0,0,0,10,10,4,0,0,0
"O60925",0,18,0,0,0,0,0,0,0,0,0,0,0,0
"Q9UHV9",0,9,0,10,0,0,0,0,0,0,8,2,5,0
"Q99471",0,5,4,0,1,0,1,0,0,2,1,0,0,0
"O15212",0,7,0,0,0,0,0,0,0,0,0,0,0,0
"P18669",0,23,7,7,25,14,24,13,13,0,0,0,0,0
"P00558",0,0,24,54,74,81,56,64,62,35,8,4,1,0
"P36871",0,0,0,0,0,0,1,0,0,0,0,0,0,0
"O00264",0,0,3,3,12,6,12,0,0,0,0,0,0,0
"Q9H814",0,0,2,0,0,0,0,0,0,0,0,0,0,0
"P35232",0,0,0,21,53,87,134,91,66,27,14,6,6,13
"Q99623",0,0,0,9,27,58,66,91,53,41,0,0,0,0
"Q96S52",0,0,9,7,16,18,18,20,12,4,0,0,0,0
"Q969N2",0,0,0,0,0,0,2,4,0,0,0,0,0,0
"Q01970",0,0,0,7,0,0,0,0,0,0,0,0,0,0
"O60664",0,2,0,0,0,0,0,0,0,0,0,0,0,0
"O60568",0,0,11,10,13,4,8,6,11,6,1,0,2,0
"Q8IY17",0,0,0,0,0,9,0,0,0,0,0,0,0,0
"O43660",0,0,0,0,0,0,0,0,0,0,1,1,1,0
"Q9Y3B4",0,0,3,0,0,0,0,0,0,0,0,0,0,0
"Q8TCS8",0,14,0,0,0,0,0,0,0,0,0,0,0,0
"Q8TEM1",0,0,6,3,3,5,0,3,0,0,0,0,0,0
"O00592",0,0,0,1,1,1,0,0,0,0,0,0,0,0
"P67775",0,0,0,1,0,0,0,0,0,0,0,0,0,0
"P24666",0,0,0,0,1,0,0,4,0,0,0,0,0,0
"P23284",0,0,7,0,0,5,6,0,7,12,0,0,0,8
"O15355",0,25,0,0,0,0,0,0,0,0,0,0,0,0
"O60828",0,7,0,0,0,0,0,0,0,0,0,0,0,0
"P48634",0,0,0,4,0,15,6,0,6,10,19,17,14,0
"Q5JSZ5",0,0,0,0,0,6,0,0,5,11,16,12,9,0
"Q92733",0,5,0,0,0,0,0,0,0,0,0,0,0,0
"Q06830",0,27,7,0,25,23,12,14,20,35,29,23,22,15
"P32119",0,15,14,12,20,10,26,19,17,0,0,0,0,0
"P30048",0,0,11,10,7,7,14,6,9,0,0,0,0,0
"Q13162",0,0,23,13,7,7,7,7,9,14,9,6,0,0
"P30044",0,0,11,13,27,15,11,0,0,10,3,0,0,0
"P30041",0,0,0,6,11,0,9,10,6,0,0,0,0,0
"Q9HCU5",0,0,0,0,1,1,0,1,0,0,0,0,0,0
"P78527",0,0,13,19,6,0,24,54,42,21,26,26,36,4
"P07737",0,0,21,41,40,47,35,37,49,33,22,10,4,0
"Q92620",0,4,0,0,0,0,0,0,0,0,0,0,0,0
"Q8WWY3",0,0,0,1,0,0,0,0,0,0,0,0,0,0
"Q13523",0,0,0,0,0,0,0,1,2,0,0,0,0,0
"Q6P2Q9",0,0,9,20,0,0,0,0,0,0,0,0,0,0
"Q96S44",0,5,0,0,0,0,0,0,0,0,0,0,0,0
"P60891",0,0,1,0,0,0,0,0,0,0,0,0,0,0
"P62191",0,0,72,99,47,1,12,0,0,0,0,0,0,0
"P17980",0,0,120,219,79,14,24,14,16,0,0,0,0,0
"P43686",0,0,86,120,74,39,0,6,0,2,0,0,0,0
"P35998",0,4,61,118,35,3,3,0,0,0,0,0,0,0
"P62195",0,0,79,148,33,3,7,6,0,0,0,0,0,0
"P55786",0,0,0,0,0,1,0,3,2,2,0,0,0,0
"P25787",0,0,166,99,30,10,0,3,1,3,0,0,0,0
"P25788",0,0,16,23,0,0,0,0,0,0,0,0,0,0
"P25789",0,0,17,10,0,0,0,0,0,0,0,0,0,0
"P28066",0,0,37,45,0,0,0,0,0,0,0,0,0,0
"P60900",0,0,61,40,0,0,0,0,0,0,0,0,0,0
"O14818",0,0,31,22,8,2,2,0,0,1,0,0,0,0
"P20618",0,0,77,91,66,22,4,8,9,2,0,0,0,0
"P49721",0,0,88,66,4,0,0,0,0,0,0,0,0,0
"P49720",0,0,107,63,0,0,0,0,4,0,0,0,0,0
"P28070",0,0,139,121,47,34,0,4,5,8,0,0,0,0
"P28072",0,0,0,10,10,0,0,0,0,0,0,0,0,0
"Q99436",0,0,46,61,49,29,0,0,0,0,0,0,0,0
"P28062",0,0,1,20,0,0,0,0,0,0,0,0,0,0
"O00232",0,0,43,93,33,14,8,2,6,0,0,1,0,0
"P51665",0,0,21,39,5,0,0,0,0,0,0,0,0,0
"O00487",0,0,21,76,45,30,0,4,6,7,0,0,0,0
"Q99460",0,0,102,181,54,16,3,1,4,0,0,0,0,0
"Q13200",0,0,71,161,70,19,0,5,5,2,0,0,0,0
"O43242",0,0,56,171,53,7,0,0,0,0,0,0,0,0
"Q16401",0,0,33,6,0,0,0,0,0,0,0,0,0,0
"Q15008",0,0,4,35,5,0,0,0,0,0,0,0,0,0
"Q06323",0,0,8,6,3,0,0,0,0,4,0,0,0,0
"Q14997",0,0,9,18,7,0,0,0,0,0,0,0,0,0
"P26599",0,0,6,20,26,35,16,22,23,25,8,8,2,0
"O75127",0,0,0,0,4,0,2,0,0,0,0,0,0,0
"Q96EY7",0,0,0,0,7,3,0,0,2,3,0,0,0,0
"Q6NZI2",0,0,2,0,4,6,28,33,36,4,2,0,0,0
"Q9BVG9",0,0,0,0,2,2,0,0,0,0,0,0,0,0
"P22102",0,0,0,0,0,0,0,0,5,0,0,0,0,0
"O15067",0,0,0,0,0,0,2,0,0,0,0,0,0,0
"P31939",0,0,4,7,4,2,9,4,0,4,0,0,0,0
"Q13610",0,5,0,0,0,0,0,0,0,0,0,0,0,0
"P11498",0,0,0,0,0,0,0,1,0,0,0,0,0,0
"P11216",0,0,2,0,0,0,0,0,0,0,0,0,0,0
"P06737",0,0,0,4,0,0,0,0,0,0,0,0,0,0
"P27708",0,0,64,162,100,44,0,6,0,0,0,0,0,0
"P31930",0,0,0,0,0,9,0,13,10,12,4,0,5,0
"P22695",0,7,0,1,14,23,25,25,17,14,8,6,5,0
"Q53FA7",0,0,4,0,0,0,0,0,0,0,0,0,0,0
"Q6ZRP7",0,0,2,0,0,0,2,0,0,0,0,0,0,0
"P61026",0,0,0,0,4,6,8,6,9,0,0,0,0,0
"P61106",0,0,0,0,0,0,6,0,0,0,0,0,0,0
"P62820",0,0,7,14,23,18,33,29,24,0,0,0,0,0
"Q9H0U4",0,0,0,6,7,8,18,3,7,11,0,0,0,0
"P61019",0,0,0,0,0,9,4,0,9,10,2,0,0,0
"P61020",0,0,0,0,0,0,8,4,6,0,0,0,0,0
"P51148",0,2,0,0,4,6,11,10,12,3,0,0,0,0
"P51149",0,0,0,1,6,18,24,20,24,19,6,4,8,0
"P61006",0,0,0,0,1,4,4,5,5,0,2,0,0,0
"Q8NFJ5",0,0,0,0,0,21,17,31,30,38,6,7,6,0
"Q96S59",0,0,4,5,0,0,0,0,0,0,0,0,0,0
"Q09028",0,0,10,4,4,0,4,0,0,8,5,9,8,0
"Q15291",0,10,0,0,0,0,0,0,0,0,0,0,0,0
"Q7Z6E9",0,0,0,0,0,0,0,8,5,3,0,3,1,0
"Q96PK6",0,0,0,0,3,4,3,10,6,1,0,0,0,0
"P98179",0,11,8,33,20,12,0,0,0,0,0,0,0,0
"Q9Y5S9",0,0,0,0,0,0,0,0,0,0,8,9,0,0
"O43598",0,0,0,0,1,0,0,0,0,0,0,0,0,0
"Q15293",0,10,2,27,14,15,5,3,5,1,0,0,0,0
"P54725",0,0,0,0,2,2,0,0,0,0,0,0,0,0
"P54727",0,0,6,5,6,1,12,0,0,0,0,0,0,0
"P46063",0,0,0,0,0,0,5,16,9,0,0,3,2,0
"Q9BZI7",0,0,0,0,0,4,0,0,0,0,0,0,0,0
"O75787",0,0,0,0,0,0,3,0,1,0,0,0,0,0
"Q92900",0,0,0,2,2,0,2,0,2,0,0,0,0,0
"P35249",0,0,0,0,2,0,4,0,0,0,0,0,0,0
"Q6NTF9",0,0,0,0,0,0,0,0,2,0,0,0,0,0
"Q6NUQ1",0,0,3,0,0,0,0,4,0,0,0,0,0,0
"Q9BRS2",0,0,0,0,5,0,0,0,0,0,0,0,0,0
"Q9BVS4",0,0,0,0,13,1,0,0,0,0,0,0,0,0
"P62913",0,0,0,0,0,0,16,30,18,33,29,39,34,36
"P30050",0,0,0,0,0,0,24,41,26,25,27,32,25,14
"P26373",0,0,0,0,0,0,8,27,22,43,63,80,74,59
"P61313",0,0,0,0,0,0,20,42,29,28,39,54,51,26
"P18621",0,0,0,0,0,0,17,46,26,12,17,24,18,5
"Q07020",0,0,0,0,0,0,16,42,32,52,65,83,72,36
"P84098",0,0,0,0,0,0,20,73,39,61,87,109,96,34
"O76021",0,0,0,0,0,0,0,0,0,0,3,4,6,0
"P46778",0,0,0,0,0,0,19,19,33,60,49,89,59,62
"P35268",0,0,0,0,0,0,24,39,32,42,54,56,66,27
"P62829",0,0,0,0,0,2,15,57,23,28,30,30,31,15
"P46776",0,0,0,0,0,0,0,0,0,20,29,37,32,26
"P39023",0,0,0,0,0,0,0,14,22,28,3,14,2,24
"P62888",0,0,0,0,0,0,10,26,18,19,24,30,27,12
"P62910",0,0,0,0,0,0,0,14,0,12,23,27,24,0
"Q9Y3U8",0,0,0,0,0,0,0,9,0,12,19,19,16,5
"P61513",0,0,0,0,0,0,10,33,18,32,36,45,43,27
"P63173",0,0,0,0,0,0,0,19,10,8,22,26,21,0
"P36578",0,0,0,0,0,0,43,128,78,92,114,114,112,35
"P46777",0,0,0,0,0,0,0,50,28,45,55,68,65,27
"P62424",0,0,0,0,0,0,23,66,33,21,32,37,39,25
"P62917",0,0,0,0,0,0,0,0,0,0,0,3,0,0
"P32969",0,0,0,0,0,0,20,40,27,26,41,46,39,19
"P05388",0,0,0,0,0,0,30,54,47,57,39,41,36,50
"P05386",0,22,0,10,8,11,86,52,37,39,19,42,19,35
"P05387",0,0,4,31,6,35,83,194,139,151,204,206,166,84
"Q86X10",0,0,2,0,0,0,0,0,0,0,0,0,0,0
"Q9BYD6",0,0,0,0,6,14,0,6,2,1,0,0,0,0
"Q5T653",0,0,0,0,9,4,4,3,1,0,0,0,0,0
"Q9BYD3",0,0,0,0,26,12,0,0,0,0,0,0,0,0
"Q9BYD2",0,0,0,0,18,3,4,0,3,0,0,0,0,0
"Q9Y3B7",0,0,0,0,29,8,0,4,0,0,0,0,0,0
"Q9BYD1",0,0,0,0,11,0,0,0,0,0,0,0,0,0
"Q6P1L8",0,0,0,0,15,4,0,0,0,0,0,0,0,0
"Q9P015",0,0,0,0,22,7,0,0,0,0,0,0,0,0
"Q9NX20",0,0,0,0,4,0,0,0,0,0,0,0,0,0
"P49406",0,0,0,0,10,0,0,0,0,0,0,0,0,0
"Q9BYC9",0,0,0,0,10,0,0,0,0,0,0,0,0,0
"Q16540",0,0,0,0,9,4,0,0,0,0,0,0,0,0
"Q96A35",0,0,0,0,11,0,2,0,6,0,0,0,0,0
"Q13084",0,0,0,0,6,11,0,0,0,0,0,0,0,0
"Q9BZE1",0,0,0,0,13,6,7,4,8,4,0,0,0,0
"Q96DV4",0,0,0,0,17,4,0,0,0,0,0,0,0,0
"Q9NQ50",0,0,0,0,42,0,10,0,6,0,0,0,0,0
"Q9H9J2",0,0,0,0,13,0,9,0,2,0,0,0,0,0
"Q9H2W6",0,0,0,0,0,1,0,0,0,0,0,0,0,0
"Q13405",0,0,0,0,33,15,0,0,0,4,0,0,0,0
"Q96TC7",0,0,0,0,0,0,0,0,0,6,0,0,0,0
"O43567",0,0,0,0,0,0,0,0,2,0,0,0,0,0
"O75792",0,0,0,3,0,2,2,0,0,0,0,0,0,0
"Q15287",0,0,0,0,0,0,0,0,8,0,0,0,0,0
"Q9BQ52",0,0,0,0,0,0,8,0,3,0,0,0,0,0
"P10155",0,0,0,0,0,0,6,0,0,0,0,0,0,0
"Q13151",0,0,0,0,7,20,7,14,16,7,10,6,6,0
"P09651",0,0,0,2,0,0,0,0,0,0,0,0,0,0
"P22626",0,74,91,208,197,107,79,37,45,20,18,7,7,2
"P51991",0,0,2,12,14,16,8,5,14,0,6,0,0,0
"Q99729",0,0,14,37,50,62,0,26,24,20,14,8,7,0
"Q13464",0,6,0,0,0,0,0,0,0,0,0,0,0,0
"P19388",0,0,0,0,0,0,2,0,0,0,0,0,0,0
"O15160",0,0,4,0,4,9,0,7,2,4,0,0,0,0
"Q9H6T3",0,0,0,7,2,4,0,0,1,2,0,0,0,0
"P24928",0,0,41,11,5,7,0,0,0,0,0,0,0,0
"P30876",0,0,4,4,0,0,0,0,0,0,0,0,0,0
"P19387",0,0,8,0,0,0,0,0,0,0,0,0,0,0
"P36954",0,0,3,0,0,0,0,0,0,0,0,0,0,0
"Q9BUI4",0,0,0,0,2,6,0,0,0,0,0,0,0,0
"P04844",0,0,0,4,9,19,38,48,56,45,20,13,10,3
"Q5JTH9",0,0,0,0,18,10,2,0,0,0,0,0,0,0
"P46783",0,0,0,0,4,6,16,59,23,2,1,8,0,0
"P62277",0,0,0,0,8,10,18,41,18,13,20,25,22,9
"P62263",0,0,0,0,7,9,9,36,14,18,36,36,29,0
"P62841",0,0,0,0,6,48,0,57,80,65,20,63,46,32
"P62244",0,0,0,0,4,4,11,8,15,25,0,0,0,28
"P62249",0,0,0,0,12,18,19,64,48,61,59,79,63,38
"P39019",0,0,0,0,15,18,18,62,40,0,0,30,30,0
"P15880",0,0,0,0,18,29,48,73,63,71,54,77,53,34
"P63220",0,0,0,0,8,9,6,21,11,7,12,14,10,0
"P62266",0,0,0,0,7,10,12,23,14,16,19,27,22,12
"P62847",0,0,0,0,12,17,17,36,28,16,25,22,14,0
"P62851",0,0,0,0,10,12,0,27,17,21,29,32,35,21
"Q71UM5",0,0,0,0,0,8,6,21,12,27,34,36,33,25
"P23396",0,0,0,0,49,41,40,99,63,92,132,133,150,84
"P61247",0,0,0,0,12,0,10,7,0,6,19,22,25,18
"P62701",0,0,0,0,17,15,24,28,17,16,28,32,33,39
"P62753",0,0,0,0,20,26,20,50,34,48,68,75,66,32
"P62081",0,0,0,0,0,34,0,35,50,24,8,19,7,7
"P46781",0,0,0,0,0,0,14,49,0,36,54,69,65,0
"P82675",0,0,0,0,0,0,8,13,6,0,0,0,0,0
"P82933",0,0,0,0,6,0,0,0,0,0,0,0,0,0
"Q9Y676",0,0,0,8,11,7,5,0,4,0,0,0,0,0
"P82650",0,0,0,14,5,2,2,0,0,0,0,0,0,0
"Q9Y3D9",0,0,0,19,0,0,0,0,2,0,0,0,0,0
"Q9BYN8",0,0,0,0,14,8,0,11,6,2,0,0,0,0
"P51398",0,0,0,15,20,13,11,8,10,4,0,0,0,0
"Q9NP92",0,0,0,0,0,18,0,5,4,4,0,0,0,0
"Q92665",0,0,0,6,10,10,4,0,3,0,0,0,0,0
"P82673",0,0,0,0,0,7,12,11,6,3,0,0,0,0
"P82909",0,3,0,15,54,22,0,0,0,0,0,0,0,0
"Q9Y3I0",0,0,0,4,0,0,0,0,0,0,0,0,0,0
"P08621",0,0,0,5,5,6,0,4,5,2,0,0,0,0
"P09661",0,23,73,23,6,2,0,0,1,0,5,1,0,0
"Q96CM3",0,0,0,0,0,1,0,0,0,0,0,0,0,0
"Q9Y265",0,0,75,34,16,13,10,5,7,5,1,0,0,0
"Q9Y230",0,0,78,37,41,29,14,8,14,1,0,1,0,0
"P26447",0,0,0,0,0,0,0,0,0,0,0,0,0,12
"P60903",0,0,0,0,0,11,12,14,9,5,0,0,0,0
"P31949",0,0,31,7,17,19,2,20,17,16,4,6,0,0
"Q96FQ6",0,0,0,15,6,5,0,0,0,0,0,0,0,0
"P55011",0,0,0,8,7,13,3,0,0,0,0,0,0,0
"Q9UP95",0,0,0,0,2,4,6,7,3,0,0,0,0,0
"Q9Y666",0,0,0,0,0,0,5,0,0,0,0,0,0,0
"Q9Y6Y8",0,0,0,0,2,0,0,0,1,0,0,0,0,0
"O14975",0,0,0,1,6,10,10,8,12,0,0,0,0,0
"Q96QD8",0,0,4,3,6,6,5,4,4,0,0,0,0,0
"Q8WUX1",0,0,0,2,0,0,0,0,0,0,0,0,0,0
"Q15043",0,0,0,0,5,5,0,3,0,0,0,0,0,0
"Q9UBT2",0,11,0,0,0,7,0,0,0,0,0,0,0,0
"P23526",0,45,13,0,8,7,2,0,4,0,0,0,0,0
"Q9Y3Z3",0,0,10,0,7,0,4,0,0,0,0,0,0,0
"Q15020",0,14,26,15,7,9,8,3,2,1,0,0,0,0
"P43007",0,0,3,0,0,0,0,0,0,0,0,0,0,0
"O75396",0,8,5,14,18,25,18,23,27,23,14,9,3,0
"Q15436",0,0,3,0,0,0,2,0,3,0,0,0,0,0
"O15126",0,2,0,0,0,0,0,0,0,0,0,0,0,0
"O15127",0,0,0,0,0,2,0,0,0,0,0,0,0,0
"O14828",0,10,1,3,9,4,0,3,5,8,9,0,0,5
"Q12770",2,0,0,0,0,0,0,0,0,0,0,0,0,0
"Q8WVM8",0,0,0,0,7,0,0,0,0,0,0,0,0,0
"P55809",0,0,0,2,6,5,10,4,6,4,0,0,0,0
"Q9NVU7",0,0,0,0,0,0,2,0,0,0,0,0,0,0
"Q99470",0,0,0,2,0,0,0,0,0,0,0,0,0,0
"Q9NX18",0,22,0,0,0,0,0,0,0,0,0,0,0,0
"Q9UBV2",0,0,3,1,0,0,2,2,0,0,0,0,0,0
"Q12981",0,0,0,0,0,0,4,0,0,0,0,0,0,0
"Q9UGP8",0,0,0,0,0,0,0,0,0,9,0,0,0,0
"P57772",0,0,0,0,0,0,0,0,0,3,0,0,0,0
"Q9H4L4",0,0,0,0,0,0,4,0,5,0,0,0,0,0
"O43175",0,0,16,0,11,10,0,13,8,11,0,0,0,0
"Q9NRX5",0,0,0,0,0,0,3,3,2,0,0,0,0,0
"P50454",0,10,12,12,16,22,9,18,7,3,0,0,0,0
"Q01105",0,0,20,26,26,18,1,0,4,7,10,0,8,6
"Q15459",0,0,13,8,0,1,0,0,0,0,0,0,0,0
"O75533",0,0,22,4,0,0,0,0,0,0,0,0,0,0
"Q13435",0,0,22,11,4,5,0,0,0,0,0,0,0,0
"Q15393",0,0,15,0,0,0,0,1,4,7,0,0,0,0
"Q15427",0,0,2,11,3,0,0,0,0,0,0,0,0,0
"P23246",0,0,0,2,0,5,0,0,0,0,0,0,0,0
"Q9H7N4",0,0,0,0,0,0,3,0,0,0,0,0,0,0
"Q9H9B4",0,0,0,4,2,2,0,4,0,0,0,0,0,0
"Q9BWM7",0,0,0,0,0,0,4,0,0,0,0,0,0,0
"Q99720",0,0,0,17,0,1,0,0,0,0,0,0,0,0
"O95905",0,0,0,2,0,0,0,0,0,0,0,0,0,0
"O15357",0,6,0,0,0,0,0,0,0,0,0,0,0,0
"P42285",0,3,0,0,0,0,0,0,0,0,0,0,0,0
"P63208",0,0,0,3,0,5,0,0,0,0,0,0,0,0
"Q9BRT9",0,5,0,0,0,0,0,0,0,0,0,0,0,0
"Q9H2G2",0,3,0,0,0,0,0,0,0,0,0,0,0,0
"Q14BN4",0,0,0,4,4,3,3,0,0,0,0,0,0,0
"Q5PRF9",0,0,0,0,0,0,6,0,0,0,0,0,0,0
"O95347",0,0,0,0,2,0,0,0,0,0,0,0,0,0
"Q9NTJ3",0,0,0,0,0,2,0,0,0,0,0,0,0,0
"P62314",0,0,0,32,10,20,0,11,11,15,0,2,0,0
"P62316",0,0,0,0,4,0,0,0,5,0,2,1,0,0
"Q16637",0,0,0,0,0,0,0,0,0,0,4,2,0,5
"P54920",0,0,0,6,4,8,6,0,0,0,0,0,0,0
"Q7KZF4",0,0,0,0,6,1,7,9,10,22,24,13,25,4
"O43290",0,0,0,0,0,0,0,0,0,1,4,0,0,0
"P35610",0,0,0,0,0,0,2,3,5,0,0,0,0,0
"P00441",0,0,5,10,9,7,0,0,0,7,4,0,0,0
"P04179",0,0,4,13,7,2,17,0,0,0,0,0,0,0
"Q8NB90",0,0,0,10,4,5,3,6,4,2,0,0,0,0
"P36952",0,0,0,0,1,4,0,0,0,4,0,0,0,0
"P61009",0,0,0,0,2,0,3,1,0,0,0,0,0,0
"Q9BSE5",0,6,0,0,2,0,0,0,0,0,0,0,0,0
"O75934",0,0,0,0,0,0,0,0,0,0,0,3,0,0
"P35270",0,0,2,0,0,0,1,0,0,0,0,0,0,0
"P49903",0,1,0,0,0,0,0,0,0,0,0,0,0,0
"O15269",0,0,4,0,0,1,4,0,0,0,0,0,0,0
"Q13501",0,0,34,104,102,85,20,27,26,18,16,7,6,4
"Q9HD15",0,0,0,8,8,8,0,2,0,0,0,0,0,0
"Q14247",0,10,0,0,0,0,0,0,0,0,0,0,0,0
"Q6ZRS2",0,0,1,0,0,0,0,0,0,0,0,0,0,0
"P37108",0,23,0,24,14,18,18,33,31,23,45,36,38,8
"P61011",0,0,0,2,0,0,0,0,0,0,0,0,0,0
"Q9UHB9",0,0,2,0,0,0,0,0,0,0,0,0,0,0
"O76094",0,0,0,0,0,0,0,0,0,0,1,0,0,0
"Q9UQ35",0,0,0,0,0,11,0,0,0,0,0,0,0,0
"Q9BXP5",0,19,0,0,0,7,0,5,3,0,0,0,0,0
"Q01130",0,0,11,12,9,4,0,0,0,4,0,0,0,0
"P84103",0,0,0,0,0,14,11,13,0,0,0,0,0,0
"Q13243",0,0,0,0,0,0,0,4,0,0,0,0,0,0
"Q16629",0,0,0,0,0,6,0,0,0,0,0,0,0,0
"Q04837",0,0,9,0,0,4,14,3,7,2,1,0,0,0
"P43307",0,0,0,0,4,0,7,5,9,0,0,0,0,0
"Q9NUL3",0,0,0,0,0,0,0,0,0,3,5,4,4,0
"O95210",0,0,0,0,0,0,0,0,3,7,4,0,0,0
"P31948",0,0,206,47,23,33,0,7,13,16,12,9,10,0
"Q9UJZ1",0,0,0,15,32,19,8,3,0,0,0,0,0,0
"P27105",0,0,0,0,14,45,38,63,52,45,23,9,6,4
"O43815",0,0,0,4,2,4,0,0,0,0,0,0,0,0
"P46977",0,0,0,0,0,0,4,0,0,0,0,0,0,0
"Q8TCJ2",0,0,0,0,2,0,11,11,12,0,0,0,0,0
"O15400",0,0,0,0,0,0,0,0,0,3,0,0,0,0
"Q9UNK0",0,6,0,0,0,3,2,1,4,0,0,0,0,0
"Q8NBJ7",0,6,0,0,0,0,0,0,0,0,0,0,0,0
"P49588",0,0,0,2,3,6,0,0,4,4,0,0,0,0
"Q96A49",0,1,0,0,1,0,0,0,0,0,0,0,0,0
"P14868",0,0,0,33,13,12,5,34,66,25,27,29,52,13
"P07814",0,0,45,186,119,54,30,126,123,54,44,48,71,7
"Q9Y285",0,0,0,0,0,0,3,19,6,13,9,14,4,0
"Q9NSD9",0,0,0,0,0,0,0,23,5,0,26,46,29,0
"P12081",0,0,0,0,4,0,6,0,0,0,0,0,0,0
"Q9P2J5",0,0,23,136,79,37,17,78,114,87,32,40,42,22
"P56192",0,0,0,41,21,12,7,34,43,41,26,19,26,0
"P54136",0,0,17,74,45,15,11,57,72,61,32,30,43,12
"P26639",0,0,0,0,0,0,8,0,0,10,3,4,0,0
"P26640",0,0,40,44,15,21,0,0,0,0,0,0,0,0
"P23381",0,0,0,0,0,0,1,0,0,0,0,0,0,0
"Q9Y2Z4",0,0,0,0,0,0,2,0,0,0,0,0,0,0
"Q03518",0,0,6,0,6,0,0,0,0,0,0,0,0,0
"Q9C0C2",0,9,0,8,1,0,0,0,0,0,0,0,0,0
"Q9BQE3",0,0,33,22,40,32,38,15,21,9,2,0,0,0
"P68366",0,5,16,9,14,13,8,8,10,0,0,0,0,0
"Q13885",0,25,336,141,156,177,159,108,108,82,25,18,14,11
"Q13509",0,0,5,2,8,9,0,12,11,0,0,0,0,0
"Q9BTW9",0,11,0,0,0,0,0,0,0,0,0,0,0,0
"P23258",0,0,0,2,0,0,0,4,0,0,0,0,0,0
"Q9BZK7",0,0,2,0,0,0,0,0,0,0,0,0,0,0
"P53999",0,0,5,16,13,23,6,6,4,9,7,5,7,2
"P17987",0,0,179,193,87,39,20,10,10,6,8,4,5,0
"P78371",0,12,777,237,137,60,51,32,38,36,7,1,0,3
"P50991",0,0,200,149,63,41,15,16,19,18,8,5,8,5
"P48643",0,0,496,190,73,39,25,13,10,3,0,0,0,0
"P49368",0,0,240,198,84,34,17,4,17,24,12,0,0,0
"Q99832",0,0,175,143,45,25,17,10,11,15,6,0,3,0
"P50990",0,0,144,93,17,0,0,0,1,0,0,0,2,18
"P40227",0,0,533,183,123,56,39,18,16,23,6,0,0,5
"O14776",0,0,0,0,1,0,0,0,0,0,0,0,0,0
"Q9NZ01",0,0,0,0,0,0,1,0,0,0,0,0,0,0
"Q9Y4R8",0,0,0,2,0,0,0,0,0,0,0,0,0,0
"Q99973",1,0,0,0,0,0,0,0,0,0,0,0,0,0
"P55072",0,0,606,151,149,107,143,121,109,62,28,9,6,1
"Q9Y6M0",0,0,0,0,0,0,0,0,5,0,0,0,0,0
"Q9UKN8",0,0,2,6,4,7,5,2,0,0,0,0,0,0
"Q9H5Q4",0,0,0,0,0,0,6,6,3,0,0,0,0,0
"O95379",0,0,0,0,0,1,0,0,0,0,0,0,0,0
"P02786",0,93,136,146,159,213,276,231,252,137,71,35,35,13
"P24752",0,4,21,22,17,13,17,14,13,1,0,0,0,0
"P42765",0,8,17,9,17,25,3,14,10,13,2,0,0,0
"Q86W42",0,0,0,0,0,0,0,0,1,0,0,0,0,0
"P52888",0,0,0,0,0,0,0,0,1,0,0,0,0,0
"P25325",0,0,0,0,0,0,2,0,0,0,0,0,0,0
"Q13263",0,14,26,24,27,25,38,0,11,24,15,2,4,0
"Q9Y5L4",0,0,2,0,0,0,0,0,0,0,1,0,0,0
"O43615",0,0,0,0,0,0,6,2,3,0,0,0,0,0
"Q9BVW5",0,16,0,0,0,0,0,0,0,0,0,0,0,0
"Q9Y490",0,17,4,10,6,5,4,4,6,0,0,0,0,0
"Q9BVC6",0,0,7,0,0,0,0,0,0,0,0,0,0,0
"Q9P0I2",0,0,0,0,0,0,0,0,4,4,2,1,0,0
"Q9HC07",0,0,8,4,8,11,16,6,4,0,0,0,0,0
"Q99805",0,0,0,0,0,0,0,2,0,0,0,0,0,0
"Q92544",0,0,0,0,0,0,6,0,0,0,0,0,0,0
"Q9UM00",0,0,0,0,0,0,12,8,7,0,0,0,0,0
"Q15363",0,0,1,4,0,0,7,5,4,0,0,0,0,0
"P49755",0,0,13,13,17,7,24,8,6,9,6,4,5,0
"P57088",0,0,0,2,0,4,3,2,4,6,1,2,0,0
"Q9BTV4",0,0,0,0,0,0,7,10,5,0,0,0,0,0
"Q9NYL9",0,0,4,0,4,3,0,0,0,0,0,0,0,0
"Q6ZXV5",0,0,0,0,0,0,0,3,0,0,0,0,0,0
"Q96JJ7",0,0,4,2,7,2,4,0,0,0,0,0,0,0
"Q92973",0,0,0,0,0,0,0,0,3,0,0,0,0,0
"Q9NS69",0,6,0,0,0,0,0,0,13,10,0,0,0,0
"Q15785",0,10,14,3,5,3,9,0,2,0,0,0,0,0
"O96008",0,0,0,0,0,0,0,6,2,6,0,0,0,0
"O94826",0,0,4,0,0,0,0,0,0,1,0,0,0,0
"Q93096",0,0,0,0,0,0,4,0,0,0,0,0,0,0
"Q13641",0,10,0,0,0,0,0,0,0,0,0,0,0,0
"O14773",0,0,0,4,2,0,0,3,0,0,0,0,0,0
"P29144",0,0,0,0,0,50,32,0,0,0,0,0,0,0
"P12270",0,3,4,0,0,0,0,0,0,0,0,0,0,0
"Q9UI30",0,0,3,0,6,0,0,0,0,0,0,0,0,0
"Q12931",0,0,18,11,16,17,15,21,36,26,18,9,9,9
"Q14258",0,0,0,0,5,10,12,12,8,4,2,2,0,0
"P14373",0,0,0,0,0,0,4,0,0,0,0,0,0,0
"Q15654",0,0,0,0,1,0,0,0,0,0,0,0,0,0
"Q7Z2T5",0,0,0,0,0,0,2,5,4,2,0,0,0,0
"Q16881",0,0,9,8,9,17,16,14,15,8,0,0,0,0
"Q99598",0,0,0,4,0,0,0,0,0,0,0,0,0,0
"Q2NL82",0,0,0,0,68,27,27,20,12,0,7,3,0,0
"Q96AY4",0,4,0,0,0,0,0,0,0,0,0,0,0,0
"Q15006",0,0,0,0,0,0,0,0,0,7,4,0,0,0
"Q6PGP7",0,0,0,0,0,0,0,9,10,3,0,0,0,0
"O43156",0,0,5,0,0,0,0,0,0,0,0,0,0,0
"P40222",0,0,8,4,5,6,6,1,2,0,0,0,0,0
"Q9NUQ3",0,7,0,0,0,0,0,0,0,3,4,3,2,0
"P04818",0,0,0,3,6,6,6,5,4,2,0,0,0,0
"P26368",0,0,0,0,0,6,0,6,1,10,0,0,0,0
"O75643",0,0,7,5,0,2,1,0,0,0,0,0,0,0
"Q15029",0,0,4,16,1,0,9,0,6,0,0,0,0,0
"P68036",0,0,0,0,2,0,0,0,0,0,0,0,0,0
"P22314",0,7,25,56,59,66,57,63,80,52,11,7,0,0
"Q9BSL1",0,3,0,0,0,0,0,0,0,0,0,0,0,0
"Q8NBM4",0,0,0,0,5,12,12,8,7,2,1,0,0,0
"Q5T6F2",0,16,0,0,0,0,0,0,0,0,0,0,0,0
"Q16763",0,0,0,3,7,4,0,2,0,0,0,0,0,0
"Q15386",0,0,2,0,0,0,0,0,0,0,0,0,0,0
"O95155",0,2,0,0,0,0,0,0,0,0,0,0,0,0
"P45974",0,0,0,4,0,0,0,0,0,0,0,0,0,0
"Q9UMX0",0,4,0,3,3,3,0,0,0,0,0,0,0,0
"Q9NRR5",0,0,0,0,1,0,0,0,0,0,0,0,0,0
"O95071",0,0,0,17,37,16,0,0,0,0,0,0,0,0
"Q92575",0,18,0,1,0,0,2,0,3,0,0,0,0,0
"Q9BZV1",0,0,4,4,0,0,0,0,0,0,0,0,0,0
"P61960",0,0,0,0,0,0,0,0,0,1,0,0,0,0
"O60701",0,0,0,0,0,1,0,1,0,0,0,0,0,0
"Q9NYU2",0,0,14,18,6,0,17,0,0,0,0,0,0,0
"Q16851",0,0,11,9,4,2,2,0,0,0,0,0,0,0
"Q9H1C4",0,0,0,0,0,0,7,0,0,0,0,0,0,0
"Q9NZ43",0,0,0,1,3,1,5,0,0,0,0,0,0,0
"Q93008",0,0,2,3,0,0,0,0,0,0,0,0,0,0
"P61421",0,0,0,0,0,0,0,0,0,1,0,0,0,0
"Q15836",0,11,0,1,0,6,4,4,3,4,4,0,0,0
"Q9BV40",0,4,0,0,0,0,0,0,0,0,0,0,0,0
"O95292",0,0,0,0,0,6,0,3,5,14,0,0,0,0
"Q15904",0,0,0,3,5,0,9,0,2,0,0,0,0,0
"P50552",0,11,0,0,0,0,0,0,0,0,0,0,0,0
"P38606",0,0,0,0,7,0,0,0,5,10,0,0,0,0
"P21281",0,0,4,1,0,0,0,11,3,6,2,0,0,0
"P21283",0,0,0,0,0,0,4,0,3,0,0,0,0,0
"P36543",0,0,0,0,0,4,0,11,12,0,2,0,0,0
"Q16864",0,0,0,0,0,0,0,0,0,1,0,0,0,0
"Q9UI12",0,0,0,0,0,0,0,0,0,4,0,0,0,0
"P21796",0,0,0,0,0,0,5,11,25,22,30,21,26,0
"Q00341",0,0,0,2,0,2,0,0,0,0,0,0,0,0
"P08670",4,22,31,27,10,0,11,0,0,10,0,2,0,0
"P18206",0,6,13,0,3,10,0,5,7,2,0,0,0,0
"P38435",0,0,5,0,0,0,0,0,0,0,0,0,0,0
"O75436",0,5,2,0,0,0,3,0,0,0,0,0,0,0
"Q96QK1",0,0,0,0,0,0,1,1,0,0,0,0,0,0
"Q9UEU0",0,3,0,0,0,0,0,0,0,0,0,0,0,0
"Q9BTA9",0,2,0,0,0,0,0,0,0,0,0,0,0,0
"Q9BV38",0,0,0,1,4,0,0,8,9,0,0,0,0,0
"Q9GZS3",0,0,2,5,0,0,0,5,12,17,2,0,0,0
"Q9BRP8",0,14,0,0,11,13,0,9,0,0,14,0,0,0
"O14980",0,0,6,6,1,0,4,7,3,1,0,0,0,0
"P55060",0,0,2,2,2,0,5,0,7,0,0,0,0,0
"P13010",0,0,40,21,44,46,22,57,34,35,10,8,4,0
"P12956",0,0,41,62,91,101,65,116,81,62,43,15,13,3
"P67809",0,14,6,16,13,13,10,10,10,11,6,4,3,0
"Q5BJH7",0,0,0,0,0,0,0,5,0,0,0,0,0,0
"Q96TA2",0,0,0,3,8,0,2,0,0,0,0,0,0,0
"Q9Y5A9",0,0,0,0,0,0,0,0,0,0,1,2,2,0
"Q9UPT8",0,0,0,0,4,5,0,0,0,0,0,0,0,0
"Q7Z2W4",0,0,0,0,0,0,0,4,0,14,21,23,24,6
"Q6NZY4",0,0,0,3,1,0,0,0,0,0,0,0,0,0
"Q9C0B5",0,8,0,5,0,0,0,0,1,0,0,0,0,0
"Q9Y2X9",0,2,0,0,0,0,0,0,0,0,0,0,0,0
"Q5BKZ1",0,0,0,0,0,5,0,0,0,0,0,0,0,0
"Q969S3",0,0,0,0,0,0,21,6,3,5,2,0,0,0
"O75312",0,4,0,0,0,0,0,0,0,0,0,0,0,0
"O43264",0,0,4,0,0,0,5,0,0,0,0,0,0,0
"O43149",0,0,0,0,1,0,0,0,0,0,0,0,0,0
"P30443",0,0,23,34,20,29,35,35,38,20,16,7,13,0
"P18462",0,0,6,0,5,13,9,10,11,0,0,0,0,0
"P01889",0,0,0,0,0,12,5,7,7,6,5,0,0,0
"P30462",0,0,0,0,1,0,0,0,0,0,0,0,0,0
"P30492",0,0,0,0,1,0,0,0,0,0,0,0,0,0
"P30499",0,0,0,0,3,0,0,0,0,0,0,0,0,0
"P30501",0,0,0,0,0,0,0,1,0,0,0,0,0,0
"Q13085",0,0,7,0,0,0,0,0,0,0,0,0,0,0
"P62736",0,29,60,43,68,60,63,70,72,66,56,43,54,102
"Q562R1",0,0,0,1,3,1,0,0,0,2,0,0,0,2
"Q9BYX7",0,0,0,6,6,18,6,4,11,1,0,0,0,0
"Q13155",0,0,6,19,16,8,4,10,22,7,0,0,0,0
"O00170",0,0,0,0,0,0,0,2,0,0,0,0,0,0
"Q04828",0,0,2,2,2,4,4,2,2,0,0,0,0,0
"Q9UKV5",0,0,0,1,2,2,0,2,0,0,0,0,0,0
"P04114",0,0,4,0,0,0,1,0,0,0,0,0,0,0
"Q15041",0,0,0,4,0,0,0,0,0,0,0,0,0,0
"Q9H2C2",0,6,0,0,0,0,0,0,0,0,0,0,0,0
"P00846",0,0,0,4,0,0,0,0,0,0,0,0,0,0
"Q8WWM7",0,2,0,0,0,0,0,0,0,2,26,34,30,13
"O15155",0,0,0,0,0,0,0,0,2,0,0,0,0,0
"Q9NR09",0,0,7,0,0,0,0,0,0,0,0,0,0,0
"Q8WY22",0,0,0,3,4,2,3,6,7,0,0,0,0,0
"Q3MJ40",0,11,0,0,0,0,0,0,8,0,4,0,0,0
"Q9NRR3",0,6,0,0,0,0,0,0,0,0,0,0,0,0
"P27824",0,0,73,47,72,63,50,53,50,51,29,20,20,0
"P49069",0,0,0,2,0,4,0,0,0,0,0,0,0,0
"Q01518",0,0,10,47,2,9,0,2,2,0,0,0,0,0
"P40121",0,0,0,0,3,0,0,0,0,0,0,0,0,0
"Q9NXV6",0,0,2,2,9,6,3,4,3,1,0,0,0,0
"Q9H2F9",0,0,0,0,11,8,10,15,12,9,13,12,14,7
"Q16204",0,0,0,2,0,0,0,0,0,0,0,0,0,0
"Q9Y3X0",0,12,0,0,0,0,0,0,0,0,0,0,0,0
"Q99618",0,4,0,0,0,0,0,0,0,0,0,0,0,0
"P08603",0,0,0,2,0,0,0,0,0,0,0,0,0,0
"Q96EH3",0,0,0,0,0,3,0,0,0,0,0,0,0,0
"Q9Y6H1",0,10,5,8,8,7,8,5,5,3,0,1,0,0
"Q9P2E5",0,0,5,0,0,0,0,0,0,0,0,0,0,0
"Q99828",0,0,0,0,0,0,6,0,0,0,0,0,0,0
"Q8N5I9",0,17,0,0,0,0,0,0,0,0,0,0,0,0
"Q9BXV9",0,17,7,2,2,2,3,0,0,0,0,0,0,0
"P53621",0,0,51,0,3,9,1,7,0,0,3,0,0,0
"Q9NQ92",0,7,0,0,0,0,0,0,0,0,0,0,0,0
"Q9ULV4",0,0,2,3,6,12,9,17,13,0,0,0,0,0
"Q8N436",0,0,0,0,0,0,0,0,0,0,0,2,0,0
"Q96B23",0,4,0,0,0,0,0,0,0,0,0,0,0,0
"Q9UFG5",0,16,9,17,20,29,4,5,0,0,0,0,0,0
"P52569",0,4,0,0,0,0,0,0,0,0,0,0,0,0
"P14406",0,0,0,0,0,6,10,9,11,6,16,12,11,0
"P13498",0,15,0,6,3,2,0,0,0,0,0,0,0,0
"O00399",0,0,3,0,0,0,0,0,0,0,0,0,0,0
"Q9NR33",0,10,0,0,3,0,0,0,0,0,0,0,0,0
"P33316",0,0,0,10,10,10,2,1,4,0,3,0,0,0
"Q9Y2J2",0,0,0,0,0,1,0,0,0,0,0,0,0,0
"P29692",0,12,73,20,11,10,4,4,5,13,16,11,9,0
"P26641",0,0,32,25,0,0,0,0,0,0,0,0,0,6
"O00303",0,0,0,0,36,56,43,31,26,36,36,27,25,9
"O15372",0,0,0,0,10,18,14,12,5,0,0,0,0,0
"Q15717",0,0,0,0,2,7,6,12,25,18,20,17,18,2
"Q96E09",0,2,0,0,0,0,0,0,0,0,0,0,0,0
"P02792",0,0,8,30,38,34,10,0,0,0,0,0,0,0
"P04406",0,27,210,107,101,156,120,161,137,88,42,43,35,28
"Q14697",0,11,33,13,29,48,45,26,37,25,3,1,0,0
"O43716",0,13,0,0,0,0,0,0,0,0,0,0,0,0
"P23434",0,0,0,2,0,0,0,0,0,0,0,0,0,0
"P50395",0,0,1,0,0,0,0,2,0,1,0,0,0,0
"Q6EEV4",0,3,0,0,0,0,0,0,0,0,0,0,0,0
"P35754",0,0,0,2,0,0,0,0,0,0,0,0,0,0
"P51654",4,0,0,0,0,0,0,0,0,0,0,0,0,0
"Q9NYZ3",0,0,0,0,0,0,0,0,0,0,1,0,0,0
"Q9Y2T3",0,0,0,4,0,5,0,2,0,0,0,0,0,0
"P54840",0,0,0,0,0,0,0,0,0,3,5,0,0,0
"Q9BX68",0,0,0,4,4,5,0,0,0,0,0,0,0,0
"P01893",0,0,0,0,0,0,0,0,2,1,0,0,0,0
"O75526",0,0,0,0,0,6,2,0,6,15,16,15,11,2
"P61978",0,0,38,51,49,44,28,15,15,16,17,9,4,0
"P34931",0,0,89,43,68,78,30,63,60,72,44,32,31,19
"Q58FG1",0,0,21,8,13,12,9,6,12,16,12,10,12,5
"Q58FG0",0,0,26,7,12,6,18,0,0,0,0,0,0,0
"O75506",0,0,3,4,5,4,0,0,0,0,0,0,0,0
"Q9NX55",0,29,0,0,0,0,0,0,0,0,0,0,0,0
"Q2VIR3",0,0,4,4,13,7,11,5,0,0,1,0,0,0
"Q12894",0,0,0,0,0,0,0,0,2,0,0,0,0,0
"Q12906",0,0,0,0,6,1,13,17,7,26,38,28,36,14
"Q16891",0,0,0,0,0,0,0,0,0,4,0,0,0,0
"O75153",0,0,1,0,0,0,1,0,0,0,0,0,0,0
"P08779",0,0,0,0,4,0,0,0,0,0,0,0,0,0
"P35527",0,0,0,0,5,0,3,0,0,0,0,0,0,0
"P35908",0,0,0,0,4,0,0,0,0,0,0,0,0,5
"P08729",0,0,3,0,0,12,6,6,14,7,4,2,1,0
"P05787",0,0,4,16,24,17,13,5,12,14,9,8,6,3
"Q9NQT8",2,0,0,0,0,0,0,0,0,0,0,0,0,0
"Q92615",0,0,0,0,0,0,0,0,5,1,8,12,8,0
"Q9Y383",0,0,0,0,6,0,4,11,0,7,7,10,9,0
"Q9BYZ2",0,0,4,0,7,5,0,7,4,7,0,0,0,0
"Q9NUN5",0,0,0,0,4,0,0,0,0,0,0,0,0,0
"Q7Z4F1",0,0,0,0,0,0,0,3,0,0,0,0,0,0
"Q8WUT4",3,0,0,0,0,0,0,0,0,0,0,0,0,0
"P61244",0,3,0,1,0,0,0,0,0,0,0,0,0,0
"P02686",0,2,0,0,0,0,0,0,0,0,0,0,0,0
"Q4ZIN3",0,0,0,0,2,0,0,0,0,0,0,0,0,0
"Q8NI22",0,0,0,8,0,9,0,0,0,0,0,0,0,0
"Q9P1T7",0,0,0,0,3,2,2,1,0,0,0,0,0,0
"P40925",0,4,0,0,9,1,9,4,1,0,0,0,0,0
"Q16626",0,51,0,0,0,0,0,0,0,0,0,0,0,0
"Q99735",0,0,0,0,0,3,0,0,0,0,0,0,0,0
"Q8N4V1",0,0,0,0,0,2,4,2,6,1,0,0,0,0
"O15403",0,0,0,0,0,0,9,0,0,0,0,0,0,0
"O75439",0,0,0,1,0,0,0,0,0,0,0,0,0,0
"P58546",0,0,4,9,1,8,0,0,0,0,0,0,0,0
"P35749",0,2,13,3,12,10,10,11,13,6,5,6,1,0
"P05976",0,9,0,4,2,2,0,0,0,0,0,0,0,0
"Q8WXC6",0,0,14,10,10,5,0,0,0,0,0,0,0,0
"Q9H009",0,0,0,0,3,0,0,2,1,3,2,3,2,1
"O14513",0,0,0,0,0,0,0,0,0,2,0,0,0,0
"O60361",0,0,35,0,23,32,0,40,25,26,5,4,0,0
"P15531",0,0,0,0,0,0,0,10,0,3,0,0,0,0
"P22392",0,0,1,2,0,0,0,0,0,0,0,0,0,0
"P28331",0,0,0,0,0,0,0,1,0,2,4,0,0,0
"P18615",0,24,0,5,6,10,2,6,4,6,6,2,0,0
"P23511",0,3,0,0,0,0,0,0,0,0,0,0,0,0
"Q99733",0,4,0,0,3,17,0,10,6,0,0,0,0,0
"P36957",0,0,0,7,63,28,2,0,0,2,0,0,0,0
"P08559",0,0,5,18,33,49,0,0,0,0,0,0,0,0
"Q99650",0,0,0,0,0,0,0,5,6,0,0,0,0,0
"P32322",0,0,0,0,0,0,0,0,0,2,0,0,0,0
"P11940",0,4,0,7,5,15,4,52,67,126,154,149,114,42
"Q9BPZ3",0,0,0,7,6,2,0,0,0,0,0,0,0,0
"Q15366",0,0,0,2,2,2,0,2,0,6,4,5,2,0
"Q9NQP4",0,4,0,5,2,4,0,0,0,0,0,0,0,0
"O15173",0,0,0,2,0,6,2,0,8,8,4,2,2,0
"Q92508",0,0,0,0,0,3,14,0,1,0,0,0,0,0
"Q9H490",0,0,0,0,0,0,0,2,0,1,0,0,0,0
"A2A3N6",0,0,7,30,7,0,0,0,0,2,0,3,0,0
"Q02809",0,0,0,2,0,2,0,0,8,0,0,0,0,0
"Q6XQN6",0,0,0,1,0,0,0,0,0,0,0,0,0,0
"Q9Y244",0,1,0,0,0,0,0,0,0,0,0,0,0,0
"O75817",0,0,0,0,0,0,0,0,0,0,2,0,0,0
"Q96C90",0,10,4,7,7,5,4,0,0,0,0,0,0,0
"O60927",0,5,0,0,0,0,0,0,0,0,0,0,0,0
"O75915",0,0,0,0,0,0,3,0,0,0,0,0,0,0
"P62333",0,0,60,77,18,9,4,0,7,0,0,0,0,0
"Q9UNM6",0,0,33,66,0,0,0,0,0,0,0,0,0,0
"P48556",0,0,18,20,0,0,0,0,0,0,0,0,0,0
"Q9UL46",0,0,25,16,9,10,0,6,2,3,0,0,0,0
"P49768",0,0,0,0,0,0,4,0,0,0,0,0,0,0
"P22234",0,0,10,0,0,0,0,0,0,0,0,0,0,0
"Q9BRQ0",0,6,0,0,0,0,0,0,0,0,0,0,0,0
"O14949",0,0,0,0,0,0,4,0,0,0,0,0,0,0
"Q5XKP0",0,0,0,0,0,0,0,1,0,0,0,0,0,0
"P20339",0,0,0,0,0,0,0,0,3,0,0,0,0,0
"Q9H0N0",0,0,0,0,0,1,1,0,0,0,0,0,0,0
"P35241",0,0,0,0,5,11,0,4,5,0,0,0,0,0
"P62834",0,0,2,0,2,0,10,3,5,0,0,0,0,0
"Q9BWF3",0,0,0,2,0,4,0,5,1,0,0,0,0,0
"Q6VN20",0,0,0,5,0,0,0,0,0,0,0,0,0,0
"P31350",0,0,0,0,3,4,0,2,0,0,0,0,0,0
"P62750",0,14,0,0,0,0,9,20,24,38,49,74,76,63
"P42766",0,0,0,0,0,0,6,16,6,0,10,9,8,0
"P52815",0,0,0,0,32,33,0,13,9,16,7,7,0,0
"Q8IXM3",0,0,0,0,18,15,4,4,0,0,0,0,0,0
"Q9Y6G3",0,0,0,0,15,1,0,0,0,0,0,0,0,0
"Q8N5N7",0,0,0,0,24,1,0,0,0,0,0,0,0,0
"Q86TS9",0,0,0,0,3,2,0,0,0,0,0,0,0,0
"Q6P161",0,0,0,0,0,8,0,0,0,0,0,0,0,0
"Q7Z7F7",0,0,0,0,11,0,0,0,0,0,0,0,0,0
"Q8IYW5",0,0,4,0,0,0,0,0,0,0,0,0,0,0
"Q63HN8",0,0,4,2,0,0,0,0,0,0,0,0,0,0
"O15514",0,0,4,0,0,0,0,0,0,0,0,0,0,0
"Q9Y535",0,0,0,1,0,4,0,0,0,0,0,0,0,0
"O75575",0,0,0,0,4,11,0,0,0,0,0,0,0,0
"P62854",0,0,0,0,0,11,7,21,16,8,16,15,8,0
"P62861",0,0,0,0,0,0,0,0,0,0,38,52,46,26
"O60783",0,0,0,0,0,0,0,0,4,0,0,0,0,0
"Q92552",0,0,0,17,8,4,6,4,4,0,0,0,0,0
"Q9BQC6",0,0,0,0,6,0,0,0,0,0,0,0,0,0
"Q9NQC3",0,0,0,0,0,12,0,12,7,18,4,5,3,0
"Q5VYJ4",0,8,0,0,0,0,0,0,8,0,0,0,0,0
"Q99584",0,0,0,7,0,4,0,0,0,0,0,0,0,0
"Q9H2J7",0,0,2,0,0,0,0,0,0,0,0,0,0,0
"O00422",0,0,0,0,0,0,0,0,0,1,0,0,0,0
"O60613",0,0,3,3,1,0,0,0,0,0,0,0,0,0
"Q15637",0,0,0,0,3,1,0,0,0,0,0,0,0,0
"P19634",0,2,0,0,0,0,0,0,0,0,0,0,0,0
"Q9P270",0,1,0,0,0,0,0,0,0,0,0,0,0,0
"O00193",0,8,0,7,7,9,2,2,3,4,4,0,0,0
"Q9UPU3",0,0,0,0,0,0,0,15,0,0,0,19,0,0
"Q9Y6A9",0,0,0,0,0,0,2,0,0,0,0,0,0,0
"Q9UNL2",0,0,0,0,6,3,8,2,8,9,9,8,6,0
"P40763",0,0,0,3,3,4,4,6,4,2,0,0,0,0
"Q9Y3F4",0,0,0,0,0,0,4,0,5,2,0,0,0,0
"O43752",0,0,0,0,0,0,0,0,1,0,0,0,0,0
"P47897",0,0,5,97,20,0,0,33,28,19,12,18,29,0
"P35269",0,0,8,0,0,0,0,0,0,0,0,0,0,0
"Q71U36",2,28,317,183,209,215,161,163,182,122,103,70,51,16
"P68363",0,0,43,14,13,14,24,7,9,0,0,0,0,0
"Q9H4B7",0,0,48,28,31,29,28,25,23,23,11,8,9,4
"P68371",0,24,109,75,98,85,73,64,78,57,47,44,39,28
"P07437",0,11,86,39,52,42,49,34,37,24,21,13,11,10
"Q9BUF5",0,0,21,15,9,4,12,5,3,1,0,0,0,0
"Q3ZCM7",0,0,0,0,3,0,0,0,0,0,0,0,0,0
"Q92526",0,0,0,3,0,0,0,0,0,0,0,0,0,0
"Q9BWD1",0,0,0,0,0,1,0,0,0,0,0,0,0,0
"Q86V81",0,12,0,3,0,4,10,8,12,14,21,16,13,3
"Q8WZ42",0,0,0,0,0,8,0,0,0,0,0,0,0,0
"P29401",0,23,72,51,64,80,50,61,58,66,32,14,16,0
"O60603",0,0,0,9,0,0,0,0,0,0,0,0,0,0
"Q9P0S9",0,0,0,0,0,0,19,1,8,0,0,0,0,0
"Q53S58",0,0,0,0,7,0,0,0,0,0,0,0,0,0
"P19438",0,0,0,0,0,0,0,6,0,0,0,0,0,0
"P25445",0,0,0,3,0,0,0,0,0,0,0,0,0,0
"O60784",0,2,0,0,0,0,0,0,0,0,0,0,0,0
"P55327",0,12,0,0,0,6,0,0,0,0,0,0,0,0
"O43399",0,24,0,3,3,5,6,3,0,0,0,0,0,0
"P07477",0,0,0,0,0,0,0,0,0,9,15,11,11,10
"Q9BZW7",0,0,0,0,6,0,0,0,0,0,0,0,0,0
"O14530",0,0,11,12,0,0,0,0,0,0,0,0,0,0
"P63027",0,0,0,0,4,5,3,6,2,4,2,0,0,0
"O95070",0,0,0,0,0,0,0,2,0,0,0,0,0,0
"Q9NUE0",0,0,0,0,0,0,0,2,2,0,0,0,0,0
"Q96GC6",7,0,0,0,0,0,0,0,0,0,0,0,0,0
"Q8N9F8",0,0,0,0,3,0,8,0,0,0,0,0,0,0
"O00488",0,1,0,0,0,0,0,0,0,0,0,0,0,0
"Q15942",0,24,0,6,0,6,0,0,0,0,0,0,0,0
"P08195",0,0,56,42,65,59,89,64,77,35,22,13,19,0
"Q8NE71",0,0,0,5,0,9,11,15,6,8,2,0,0,0
"P11310",0,0,0,6,3,7,0,5,0,2,0,0,0,0
"P49748",0,0,56,44,22,31,16,21,19,14,8,2,0,0
"Q99798",0,0,0,0,5,1,0,4,2,0,0,0,0,0
"Q9Y305",0,0,0,0,0,0,3,14,0,0,0,6,0,0
"P12814",0,0,0,0,0,2,9,8,8,0,0,0,0,0
"Q12904",0,0,1,52,25,7,2,32,28,12,9,9,15,4
"Q96B36",0,6,0,0,0,0,0,0,0,0,0,0,0,0
"P51648",0,0,12,9,11,0,17,0,6,9,0,0,0,0
"P49189",0,6,0,0,0,0,0,0,0,0,0,0,0,0
"P04075",0,101,141,92,109,87,86,68,72,61,47,9,2,0
"Q01433",0,11,0,0,0,0,0,0,0,0,0,0,0,0
"P07355",0,15,24,0,19,33,91,76,69,47,26,10,9,8
"P09525",0,0,0,0,0,0,3,0,0,0,0,0,0,0
"P20073",0,0,0,0,3,2,0,4,1,0,0,0,0,0
"P63010",0,0,0,5,1,4,0,15,0,9,0,0,0,0
"O14617",0,0,12,0,0,8,0,2,0,0,0,0,0,0
"Q9BZZ5",0,0,4,0,0,0,0,0,0,0,0,0,0,0
"O60306",0,0,0,3,0,0,0,0,0,0,0,0,0,0
"Q92974",0,13,6,5,0,0,0,0,0,0,0,0,0,0
"P61160",0,0,0,1,0,0,0,0,0,0,0,0,0,0
"P00966",0,0,2,0,0,0,0,0,0,0,0,0,0,0
"P98194",0,0,0,2,2,2,5,3,4,0,0,0,0,0
"P18859",0,0,28,92,81,113,57,49,32,11,6,3,2,2
"Q9UL15",0,0,4,6,0,0,0,0,0,0,0,0,0,0
"P46379",0,7,2,8,0,0,0,0,0,0,0,0,0,0
"Q07812",0,3,0,0,0,0,0,0,0,0,0,0,0,0
"P11586",0,0,33,6,26,61,79,101,116,95,47,14,23,31
"P62158",0,0,41,80,53,55,19,20,19,22,17,12,11,1
"P47756",0,0,8,3,0,0,0,0,2,0,0,0,0,0
"Q8IVM0",0,0,0,3,0,0,0,0,0,0,0,0,0,0
"P42771",0,0,0,0,0,6,0,0,0,0,0,0,0,0
"P06493",0,0,0,6,0,0,0,0,0,0,0,0,0,0
"Q96G23",0,0,4,16,15,19,19,9,2,0,0,0,0,0
"Q14839",0,0,0,3,2,0,0,0,0,0,0,0,0,0
"Q9Y3Y2",0,0,0,0,0,0,0,0,0,7,0,0,0,0
"Q9H078",0,0,16,21,10,7,0,2,0,0,0,0,0,0
"O96005",0,0,0,0,1,0,0,0,0,0,0,0,0,0
"P10909",0,0,0,0,2,3,0,0,7,0,0,0,0,0
"Q9UJS0",0,0,0,0,0,0,0,0,3,0,0,0,0,0
"Q8N129",0,0,1,0,0,0,0,0,0,0,0,0,0,0
"O14548",0,0,0,0,0,0,0,2,0,3,0,0,0,0
"Q99829",0,0,2,0,0,0,0,0,0,0,0,0,0,0
"Q96FN4",0,0,0,0,1,0,4,0,0,0,0,0,0,0
"Q16630",0,0,0,15,4,4,0,0,0,0,0,0,0,0
"P31327",0,8,264,133,197,192,186,195,201,186,100,77,56,15
"P68400",0,0,2,0,4,6,3,5,3,0,0,0,0,0
"P61201",0,4,0,2,0,0,0,0,0,0,0,0,0,0
"Q9Y312",0,0,2,0,0,0,0,0,0,0,0,0,0,0
"P35221",0,0,2,0,0,0,0,0,0,0,0,0,0,0
"O60716",0,0,2,2,0,0,0,0,0,0,0,0,0,0
"O43169",0,0,0,0,0,5,0,10,2,4,0,0,0,0
"P08174",0,0,0,0,2,2,7,4,8,1,0,0,0,0
"Q9NR28",0,0,0,4,1,0,0,0,0,0,0,0,0,0
"Q9NPI6",0,0,0,0,0,0,0,0,0,2,2,0,0,0
"Q14203",6,0,72,14,24,7,0,0,0,0,0,2,0,0
"Q13561",0,0,124,52,52,24,0,0,0,1,1,0,0,0
"Q92841",0,0,0,0,0,0,6,6,14,20,19,19,18,8
"Q9NP97",0,0,20,18,9,0,0,0,0,0,0,0,0,0
"Q9ULA0",0,0,6,16,1,3,0,0,0,0,0,0,0,0
"Q14185",0,0,2,0,0,0,0,0,0,0,0,0,0,0
"O60762",0,0,0,0,0,0,3,0,0,0,0,0,0,0
"P28340",0,0,0,4,0,0,0,0,0,0,0,0,0,0
"Q14194",0,0,0,0,0,2,0,2,0,0,0,0,0,0
"Q99848",0,0,0,0,0,0,0,10,0,0,0,0,0,0
"Q5VYK3",0,0,3,0,7,0,0,0,0,0,0,0,0,0
"P43897",0,0,0,0,0,1,0,0,0,0,0,0,0,0
"P49411",0,0,20,9,27,17,28,15,14,20,15,10,10,5
"Q96KQ7",0,0,0,5,0,0,0,0,4,0,0,0,0,0
"Q9UI10",0,0,0,0,0,0,5,5,0,1,0,0,0,0
"Q9BY44",0,0,0,2,8,11,0,0,0,0,0,0,0,0
"P55884",0,0,0,0,32,37,57,18,9,6,9,7,8,5
"Q99613",0,0,1,7,58,88,63,35,32,33,29,22,22,15
"Q9Y262",0,0,0,0,33,87,67,51,40,18,17,3,3,0
"Q96EB1",0,0,10,0,0,0,0,0,0,0,0,0,0,0
"Q32P44",0,0,7,0,0,0,0,0,0,0,0,0,0,0
"Q9Y6I3",0,3,0,0,0,0,0,0,0,0,0,0,0,0
"Q9NZ08",0,0,0,0,0,0,0,0,3,0,0,0,0,0
"Q969X5",0,0,0,0,2,0,2,0,0,0,0,0,0,0
"Q9Y282",0,0,0,4,0,0,0,2,0,0,0,0,0,0
"O75477",0,0,0,0,0,0,3,8,11,12,14,8,10,5
"Q9BSJ8",0,1,5,2,4,6,15,0,0,6,9,4,4,0
"A0FGR8",0,0,0,2,4,6,0,5,7,0,0,0,0,0
"Q01844",0,0,4,24,11,21,11,15,4,3,0,0,0,0
"Q52LJ0",0,0,0,9,0,0,0,0,0,0,0,0,0,0
"Q14318",0,0,0,6,4,0,0,2,0,4,0,0,0,0
"Q14254",0,0,0,0,0,0,0,21,39,22,17,8,2,0
"Q16658",0,0,0,0,0,1,0,0,0,0,0,0,0,0
"Q96AE4",0,1,16,24,16,24,12,11,11,3,3,0,0,0
"Q92945",0,16,0,0,0,0,0,0,0,0,0,0,0,0
"P35637",0,0,0,18,12,14,2,0,0,0,0,0,0,0
"P11413",0,0,0,0,3,0,17,2,0,0,0,0,0,0
"Q14C86",0,9,0,0,0,0,0,0,0,0,0,0,0,0
"P63244",0,0,0,0,10,27,23,76,64,70,72,94,89,64
"P35573",0,0,6,17,3,5,0,0,0,0,0,0,0,0
"P52565",0,0,0,0,0,3,0,0,0,0,0,0,0,0
"P46976",0,0,0,0,0,0,0,0,0,19,24,16,0,0
"O14653",0,0,0,0,0,0,2,0,0,0,0,0,0,0
"Q9UBQ7",0,0,0,0,0,0,2,0,0,0,0,0,0,0
"P11021",0,70,325,264,350,302,202,204,212,201,156,101,109,74
"P49841",0,0,0,0,1,0,0,0,0,0,0,0,0,0
"Q9P035",0,0,4,0,0,0,17,3,6,12,6,4,4,0
"O00165",0,0,5,17,9,9,0,0,0,0,0,0,0,0
"Q16836",0,0,0,13,6,10,0,8,11,0,0,0,0,0
"Q92769",0,0,2,0,0,0,0,0,2,0,0,0,0,0
"Q15751",0,0,0,0,5,0,0,0,0,0,0,0,0,0
"Q8TCT9",0,0,0,3,0,6,8,0,3,0,0,0,0,0
"Q9UK76",0,53,0,11,3,0,0,0,0,0,0,0,0,0
"P31943",0,0,21,15,18,8,12,8,12,15,7,6,4,1
"P07910",0,0,0,8,19,23,21,21,27,30,28,32,24,16
"P07900",0,14,86,50,72,66,45,58,79,67,45,30,27,5
"Q7Z6Z7",0,24,87,50,8,4,0,1,1,2,0,0,0,0
"P20810",0,7,0,11,9,18,0,0,7,5,0,0,0,0
"Q14197",0,0,0,0,0,0,1,0,0,0,0,0,0,0
"O43837",0,0,5,0,3,0,7,4,3,0,0,0,0,0
"Q14240",0,0,0,0,0,3,2,2,0,1,0,0,0,0
"Q04637",0,22,0,15,58,68,21,24,22,48,48,39,26,3
"P63241",0,0,8,23,23,26,0,4,5,3,0,0,0,0
"P20839",0,0,11,8,4,1,0,0,0,0,0,0,0,0
"Q8TEX9",0,0,0,0,0,0,0,1,0,0,0,0,0,0
"O00410",0,0,0,0,0,0,9,4,5,0,0,0,0,0
"Q9H2U2",0,4,0,0,0,0,0,0,0,0,0,0,0,0
"Q9Y4H2",0,11,0,0,0,1,0,0,0,0,0,0,0,0
"Q96AB3",0,0,0,3,0,0,1,0,0,0,0,0,0,0
"P26006",0,1,7,4,11,12,3,0,0,0,0,0,0,0
"P00568",0,0,0,0,0,0,2,0,0,0,0,0,0,0
"O60341",0,0,6,0,0,0,0,0,0,0,0,0,0,0
"Q9NSK0",0,12,0,0,0,0,0,0,0,0,0,0,0,0
"P46020",0,0,0,4,0,0,0,0,0,0,0,0,0,0
"P32004",0,0,3,0,1,4,6,6,0,0,0,0,0,0
"Q71RC2",0,0,0,0,0,0,0,0,0,0,8,12,8,0
"Q14847",0,0,0,0,0,0,0,0,0,3,0,0,5,0
"Q9Y2Q5",0,0,0,0,0,0,0,0,4,0,0,0,0,0
"P27816",0,0,0,19,13,26,9,22,15,47,85,80,65,27
"P43243",0,0,13,5,27,36,25,42,44,8,1,3,0,0
"Q9GZY8",0,2,0,0,0,0,0,0,0,0,0,0,0,0
"Q8IWA4",0,0,0,0,0,0,0,0,0,0,2,0,0,0
"P33527",0,0,0,3,14,9,0,0,0,0,0,0,0,0
"P35580",0,0,3,0,3,0,0,2,4,2,2,2,0,0
"Q12965",0,0,0,0,0,0,6,2,5,0,0,0,0,0
"Q13765",0,14,20,40,30,33,17,15,17,25,31,31,27,19
"P49321",0,0,0,0,8,4,5,0,2,0,0,0,0,0
"Q6PIU2",0,0,0,0,6,0,8,0,11,0,0,0,0,0
"O75376",0,2,0,0,0,0,0,0,0,0,0,0,0,0
"P16435",0,0,0,1,11,5,2,20,3,9,0,0,0,0
"O95299",0,0,0,0,0,0,0,0,0,1,0,0,0,0
"Q96D46",0,0,0,0,0,0,0,4,1,0,0,0,0,0
"Q9ULX3",0,0,0,0,4,0,0,0,0,0,0,0,0,0
"Q9Y3C1",0,0,0,0,0,0,0,14,5,0,4,5,5,0
"Q8TAT6",0,0,7,4,8,0,4,0,0,0,0,0,0,0
"Q9UNZ2",0,3,31,6,2,0,0,0,0,0,0,0,0,0
"Q9H1E3",0,8,9,23,9,15,0,0,0,0,0,0,0,0
"P29803",0,0,0,0,0,16,0,0,0,0,0,0,0,0
"Q13310",0,0,0,0,0,0,0,0,0,45,52,53,36,0
"Q3YEC7",0,5,0,0,0,0,0,0,0,0,0,0,0,0
"Q8WUM4",0,0,0,2,0,2,0,2,1,2,0,0,3,0
"Q15084",0,4,33,34,49,46,36,22,32,37,24,15,13,1
"P61758",0,0,0,3,0,0,0,0,0,0,0,0,0,0
"Q13492",0,0,6,0,6,0,4,0,6,0,4,0,0,0
"Q9Y237",0,0,0,0,2,3,0,1,0,0,0,0,0,0
"P00491",0,0,2,0,1,0,0,1,0,0,0,0,0,0
"Q5H9R7",0,0,3,0,0,0,0,0,0,0,0,0,0,0
"P62937",0,0,27,29,52,39,23,18,13,6,0,0,0,0
"Q9Y520",0,0,2,6,8,6,4,0,2,2,17,14,11,2
"P25786",0,0,27,38,13,4,0,0,0,0,0,0,0,0
"P28074",0,0,41,38,0,0,0,0,0,0,0,0,0,0
"O00231",0,0,29,75,12,0,0,0,0,0,0,0,0,0
"P55036",0,0,30,80,13,0,0,0,0,0,0,0,0,0
"P61289",0,82,35,15,13,7,13,13,15,0,0,0,0,0
"Q9Y3E5",0,0,0,0,5,0,5,5,2,0,0,0,0,0
"Q9UHX1",0,0,0,0,0,0,0,7,8,8,0,0,0,0
"P14927",0,0,0,0,2,10,8,3,8,4,4,1,0,0
"Q13636",0,0,3,0,4,0,6,2,2,0,0,0,0,0
"Q9UKM9",0,0,0,0,4,0,3,0,0,7,5,4,6,0
"P62826",0,0,4,10,7,0,15,0,0,0,0,0,0,0
"P43487",0,0,0,0,0,0,0,0,0,0,4,2,0,0
"Q8IY67",0,0,0,1,0,0,0,0,0,0,0,0,0,0
"Q14498",0,0,0,0,0,0,0,0,0,18,14,11,7,0
"P18754",0,6,0,0,0,0,0,0,0,0,0,0,0,0
"Q14257",0,0,6,6,3,4,0,1,2,0,2,0,0,0
"Q9BXF6",0,10,0,0,0,0,0,0,0,0,0,0,0,0
"Q6R327",0,0,0,0,0,1,0,0,0,0,0,0,0,0
"P27635",0,0,0,0,0,0,11,43,20,18,24,28,26,8
"P62906",0,0,0,0,0,4,15,81,50,58,52,63,56,12
"P50914",0,0,0,0,0,0,7,18,6,10,18,19,19,9
"P83731",0,0,0,0,0,0,12,40,27,49,48,71,66,36
"P61353",0,0,0,0,0,0,10,24,16,15,27,34,39,0
"P62899",0,0,0,0,0,0,17,29,20,3,2,2,0,5
"Q02878",0,0,0,0,0,0,44,110,67,44,59,76,63,39
"P18124",0,0,0,0,0,0,43,98,61,29,33,45,41,13
"Q7Z2W9",0,0,0,0,4,0,0,0,0,0,0,0,0,0
"Q9BYC8",0,0,0,0,10,3,0,0,0,0,0,0,0,0
"Q9NYK5",0,0,0,0,9,3,0,0,0,0,0,0,0,0
"Q9BRJ2",0,0,0,0,8,5,1,0,0,0,0,0,0,0
"O15446",0,0,0,0,0,1,0,3,0,0,0,0,0,0
"O14802",0,0,4,0,7,11,9,4,0,0,0,0,0,0
"P04843",0,9,9,9,18,29,63,45,50,36,33,26,20,0
"P78346",0,0,12,0,0,0,0,0,0,0,0,0,0,0
"Q9P2E9",0,0,0,0,0,0,0,4,11,14,18,22,17,2
"P60866",0,0,0,0,0,0,0,0,0,17,13,15,16,10
"P62857",0,0,0,0,13,12,12,18,10,16,24,27,22,7
"P62273",0,0,0,0,0,0,0,10,3,5,8,10,10,0
"P62241",0,0,0,0,22,27,21,76,45,66,97,107,96,59
"P08865",0,0,0,0,23,28,29,73,44,47,55,60,51,25
"Q9Y2Q9",0,0,0,0,12,6,0,4,3,2,0,0,0,0
"P82930",0,0,0,0,0,9,0,0,0,0,0,0,0,0
"Q15424",0,0,0,2,0,0,0,0,0,0,0,0,0,0
"O15027",0,9,6,27,13,17,3,9,11,9,7,0,0,0
"O94979",0,0,0,1,0,0,2,3,8,2,0,0,0,0
"Q15019",0,5,0,0,0,0,0,0,0,0,0,0,0,0
"Q15428",0,0,0,7,0,0,0,0,0,0,0,0,0,0
"P18583",0,0,0,0,0,0,0,0,2,0,0,0,0,0
"Q15005",0,0,0,0,3,1,8,0,0,0,0,0,0,0
"Q96SB4",0,0,0,0,0,0,0,13,6,14,14,12,15,0
"Q8IYB3",0,0,0,0,0,0,0,0,4,4,0,0,0,0
"P51649",0,0,0,4,0,0,0,0,0,0,0,0,0,0
"P51571",0,0,0,0,0,0,0,7,6,25,20,14,16,0
"Q12768",0,0,5,0,0,0,0,0,0,0,0,0,0,0
"Q86Y82",0,0,0,0,0,0,0,0,2,0,0,0,0,0
"P49589",0,0,1,0,0,0,0,0,0,0,0,0,0,0
"P41250",0,0,0,6,0,3,0,0,0,0,0,0,0,0
"P41252",0,0,2,82,26,17,8,42,55,54,34,37,54,21
"Q15046",0,0,18,117,48,18,6,39,51,10,29,25,34,15
"P49591",0,16,0,0,0,0,0,0,0,0,0,0,0,0
"Q13148",0,4,0,7,6,6,4,4,5,4,0,0,0,0
"P37802",0,11,17,20,23,32,14,15,10,7,0,0,0,0
"O75347",0,3,0,4,2,4,0,0,0,0,0,0,0,0
"Q92734",0,27,0,1,0,0,0,0,0,0,0,0,0,0
"P21980",0,0,0,0,1,0,0,0,9,0,0,0,0,0
"Q9Y3D7",0,1,0,0,2,2,4,0,0,0,0,0,0,0
"Q3ZCQ8",0,0,2,0,0,0,0,0,0,0,0,0,0,0
"Q9Y320",0,0,0,0,1,0,4,0,0,0,0,0,0,0
"Q9UPQ9",0,0,0,2,0,1,0,0,0,0,0,0,0,0
"Q5JTV8",0,5,0,0,0,0,0,0,0,0,0,0,0,0
"P60174",0,0,11,19,30,36,28,34,30,23,12,0,0,0
"P62995",0,0,0,0,0,0,2,0,0,0,0,0,0,0
"Q9UBP6",0,4,0,0,0,0,0,0,0,0,0,0,0,0
"Q12792",0,0,2,0,0,0,0,0,0,0,0,0,0,0
"O43396",0,0,13,18,0,0,0,0,0,0,0,0,0,0
"O14562",0,0,3,4,2,0,2,0,0,0,0,0,0,0
"P54578",0,0,16,13,4,0,0,0,0,0,0,0,0,0
"Q14157",0,1,0,19,12,17,4,5,6,8,13,17,22,0
"Q93009",0,0,0,2,0,3,13,5,6,0,0,0,0,0
"Q5T4S7",0,0,97,52,58,10,2,0,0,0,0,0,0,0
"Q04323",0,0,0,0,0,1,3,3,0,0,0,0,0,0
"Q9Y5K5",0,0,0,14,0,0,0,0,0,0,0,0,0,0
"P0C7P4",0,0,0,0,3,2,4,14,6,5,0,0,0,0
"Q92890",0,0,0,0,0,0,0,0,4,0,0,0,0,0
"Q9H3U1",0,0,0,3,0,0,0,0,0,0,0,0,0,0
"Q9P0L0",0,0,0,5,20,31,27,43,39,50,15,13,12,1
"P45880",0,0,0,0,0,0,9,7,22,29,29,19,15,0
"Q9Y277",0,0,0,0,0,0,0,1,7,17,8,0,0,0
"Q96RL7",0,0,0,0,0,0,4,0,0,0,0,0,0,0
"Q9Y4B6",0,0,0,11,1,0,0,0,0,0,0,0,0,0
"Q96MX6",0,0,0,1,0,0,0,0,0,0,0,0,0,0
"Q9UIA9",0,4,0,0,0,0,0,0,0,0,0,0,0,0
"Q9NQW7",0,0,0,0,0,0,0,0,3,0,0,0,0,0
"Q9BYJ9",0,0,1,1,0,0,0,1,0,0,0,0,0,0
