"","Orbitrap_HeLaNE_SGF_Fraction1","Orbitrap_HeLaNE_SGF_Fraction2","Orbitrap_HeLaNE_SGF_Fraction3","Orbitrap_HeLaNE_SGF_Fraction4","Orbitrap_HeLaNE_SGF_Fraction5","Orbitrap_HeLaNE_SGF_Fraction6","Orbitrap_HeLaNE_SGF_Fraction7","Orbitrap_HeLaNE_SGF_Fraction8","Orbitrap_HeLaNE_SGF_Fraction9","Orbitrap_HeLaNE_SGF_Fraction10","Orbitrap_HeLaNE_SGF_Fraction11","Orbitrap_HeLaNE_SGF_Fraction12","Orbitrap_HeLaNE_SGF_Fraction13","Orbitrap_HeLaNE_SGF_Fraction14"
"P41219",0,8,25,18,5,10,8,16,18,24,28,21,11,7
"Q15155",0,0,0,0,0,0,0,0,0,2,7,6,0,0
"O14983",0,2,16,26,21,25,21,0,8,16,15,13,4,2
"Q92887",0,0,0,2,2,2,0,0,0,0,0,0,0,0
"Q32P51",7,15,31,131,137,158,179,170,111,51,33,15,6,12
"Q58FF8",0,0,0,0,0,0,0,0,0,4,4,2,0,0
"Q58FF7",0,0,5,2,0,0,0,0,0,0,0,0,0,0
"Q8NHW5",0,0,0,0,0,0,0,10,15,9,7,6,0,0
"P60709",43,50,184,248,234,200,194,151,106,72,76,40,19,12
"A8MYJ9",1,5,2,3,0,0,0,0,0,0,0,0,0,0
"O60812",4,8,0,11,28,28,41,42,82,94,78,44,29,23
"P15313",0,0,0,0,25,23,9,0,0,0,0,0,0,0
"P62491",0,0,0,0,0,2,3,0,1,0,0,0,0,0
"Q9NQ39",0,0,0,0,0,0,0,0,4,9,11,13,28,16
"P42025",0,4,6,0,0,0,0,0,0,0,0,0,0,0
"O60641",0,0,0,0,0,0,0,3,0,0,0,0,0,0
"Q96L21",0,0,0,0,0,0,0,1,0,0,0,0,0,0
"Q01082",0,4,108,42,31,34,60,61,58,77,93,52,0,4
"P47985",0,0,0,7,9,9,7,8,2,2,0,0,0,0
"P08708",0,0,0,0,0,0,0,0,6,2,0,0,0,0
"Q5T9A4",0,0,0,0,0,0,0,0,0,4,5,4,0,0
"P33778",0,0,7,11,13,17,15,16,5,2,0,0,0,0
"Q5SRD1",0,4,16,25,25,35,32,24,23,15,4,0,0,0
"Q8TAA3",0,0,17,16,0,0,0,0,0,0,0,0,0,0
"P62987",0,0,5,10,9,11,11,11,16,17,21,17,9,7
"P04908",0,0,4,8,13,14,15,22,6,0,5,0,0,0
"A8MWD9",0,0,0,0,0,0,0,0,0,3,1,0,0,0
"Q9Y4J8",0,0,0,0,0,0,1,2,0,0,0,0,0,0
"P19105",0,10,0,0,4,10,12,14,0,16,20,5,0,0
"P31946",0,1,4,0,0,0,0,0,0,0,0,0,0,0
"P63104",0,0,0,3,0,0,1,3,0,0,0,0,0,0
"P21589",0,3,7,16,23,21,7,0,0,0,0,0,0,0
"Q15758",0,0,17,19,13,13,16,17,0,0,0,0,0,0
"Q9NP58",0,0,0,0,1,0,0,0,2,0,0,0,0,0
"Q9NUT2",0,0,0,0,0,2,0,0,0,0,0,0,0,0
"Q9NRK6",0,0,0,13,7,9,8,0,0,0,0,0,0,0
"P33897",0,0,0,0,1,0,5,4,5,2,1,0,0,0
"P28288",0,0,0,6,6,14,14,11,2,0,0,0,0,0
"Q9H845",0,4,19,34,20,22,20,10,6,0,0,0,0,0
"Q9UKV3",0,0,0,0,0,0,0,3,0,0,0,0,0,0
"O00767",0,0,0,0,0,0,0,0,0,1,0,2,0,0
"O95573",0,0,5,8,12,7,5,5,0,0,0,0,0,0
"O43707",0,0,0,0,0,0,2,0,0,0,0,0,0,0
"P61163",0,0,12,13,10,0,0,7,0,0,0,0,0,0
"O00116",0,0,0,0,7,9,3,6,0,0,2,0,0,0
"Q9BRR6",0,0,0,0,0,2,0,0,0,0,0,0,0,0
"P12235",5,10,4,50,51,67,74,107,46,17,11,13,0,9
"P05141",4,10,12,56,70,56,47,69,76,51,47,34,13,18
"P12236",0,3,10,17,26,23,19,28,25,15,13,6,5,4
"Q9Y4W6",0,0,0,4,8,12,17,22,20,9,0,0,0,0
"Q53H12",0,0,4,4,6,6,8,0,0,0,0,0,0,0
"Q09666",0,196,393,134,136,211,262,222,258,275,178,68,20,12
"Q8IVF2",0,6,7,5,2,11,7,9,5,9,9,2,0,0
"O95831",0,4,0,7,0,2,6,11,13,2,0,0,0,0
"Q16352",0,0,3,0,0,0,0,0,0,0,0,0,0,0
"Q92667",0,0,4,0,0,0,0,0,0,0,0,0,0,0
"O43823",0,0,12,0,0,0,0,0,0,1,2,0,0,0
"Q6P6C2",0,3,0,0,0,0,0,0,0,0,0,0,0,0
"P50995",0,0,0,0,0,0,5,6,8,1,0,0,0,0
"P04083",0,0,54,41,45,45,44,54,22,6,2,0,0,0
"P12429",0,0,10,22,15,13,17,30,11,3,0,0,0,0
"P08758",0,0,13,38,45,48,72,68,12,0,0,0,0,0
"P08133",0,4,7,14,19,26,30,18,0,0,0,0,0,0
"Q10567",0,0,0,0,0,0,0,0,2,1,9,0,0,0
"O95782",0,0,0,0,0,6,4,10,3,0,0,0,0,0
"Q9HDC9",0,5,4,9,0,5,0,0,0,0,0,0,0,0
"Q9BUR5",0,0,0,0,8,0,5,6,6,6,5,0,0,0
"Q6UXV4",0,0,0,0,0,0,3,11,11,8,3,0,0,0
"Q8N2F6",0,0,0,0,0,4,3,6,0,0,0,0,0,0
"Q9UH62",0,0,0,0,0,0,0,2,0,0,0,0,0,0
"Q12797",0,0,0,8,9,8,6,0,0,0,1,0,0,0
"P05023",0,2,12,38,41,48,43,21,15,8,3,0,0,0
"P54709",0,0,0,0,2,2,0,0,0,0,0,0,0,0
"P16615",0,8,21,37,32,44,31,31,11,9,5,0,0,0
"P20020",0,0,0,0,0,2,0,0,0,0,0,0,0,0
"P24539",0,0,23,31,45,55,61,52,0,0,0,0,0,0
"Q8NBU5",0,0,5,14,14,20,15,12,6,0,0,0,0,0
"Q9NVI7",0,0,0,19,31,54,66,81,57,46,23,13,0,0
"Q6DD88",0,0,2,5,3,3,0,0,0,0,0,0,0,0
"O75947",15,26,91,104,114,136,147,157,68,13,0,0,0,0
"O75964",0,0,1,27,22,37,41,49,67,48,35,18,3,0
"P25705",42,100,274,317,418,426,470,442,270,209,171,106,53,50
"P06576",84,146,384,638,836,809,880,768,574,282,223,139,85,82
"P30049",0,6,10,9,6,3,0,0,0,0,0,0,0,0
"P36542",0,14,19,22,33,24,31,24,40,20,22,7,0,0
"P56134",0,0,0,28,35,37,38,51,24,0,0,0,0,0
"P48047",0,0,20,63,94,129,144,133,94,51,40,20,10,10
"Q9Y679",0,0,0,0,5,5,0,6,0,0,0,0,0,0
"P04920",0,0,0,0,3,1,0,0,0,0,0,0,0,0
"P15291",0,0,9,7,17,13,10,11,0,0,0,0,0,0
"O95816",0,0,3,0,0,0,2,0,8,4,5,0,0,0
"P35613",0,0,16,36,55,49,48,41,27,12,8,0,0,0
"P80723",11,17,59,56,33,36,25,23,14,7,6,4,1,1
"Q9Y276",0,0,0,0,2,2,5,0,0,0,0,0,0,0
"Q9UHR4",0,0,0,0,0,0,1,2,0,0,0,0,0,0
"P20290",0,1,0,0,0,0,0,0,0,0,0,0,0,0
"Q07021",0,34,16,9,8,10,9,14,11,8,0,0,0,0
"P27797",0,4,0,3,0,0,0,0,0,0,0,0,0,0
"Q14444",0,0,9,7,4,10,7,7,5,9,0,0,6,0
"P07339",0,0,0,0,0,0,0,8,0,0,0,0,0,0
"Q03135",0,0,0,0,0,0,0,7,5,0,0,0,0,0
"P52907",0,0,16,9,4,5,0,3,9,6,6,0,0,0
"Q96CT7",0,0,0,0,0,0,0,0,0,2,0,0,0,0
"Q96AQ8",0,0,0,0,2,0,1,0,0,0,0,0,0,0
"Q9GZT6",0,0,0,0,0,2,4,0,0,0,0,0,0,0
"Q96A33",0,2,8,10,13,12,15,1,0,0,0,0,0,0
"Q96ER9",0,0,2,6,7,8,8,0,0,0,0,0,0,0
"Q9Y2R0",0,0,0,0,0,0,0,0,0,8,0,0,0,0
"P53701",0,0,0,1,6,4,2,0,0,0,0,0,0,0
"Q8NC60",0,0,0,24,0,0,0,0,0,0,0,0,0,0
"Q8N5G0",0,0,6,0,0,2,0,0,0,0,0,0,0,0
"Q6YHK3",0,0,2,35,38,29,14,5,0,0,0,0,0,0
"P16070",0,0,11,21,34,32,26,22,12,11,4,3,0,0
"P48960",0,0,0,0,0,8,10,3,0,0,0,0,0,0
"P60953",0,0,2,3,0,0,3,1,0,0,0,0,0,0
"Q99459",0,0,0,0,0,0,0,0,0,3,4,2,0,0
"P10809",73,350,337,107,78,65,59,36,26,23,20,12,0,2
"Q9NX63",0,0,0,0,1,2,2,7,19,18,16,10,5,6
"O43633",0,0,0,0,0,1,0,0,4,6,5,0,0,0
"Q9H444",0,0,0,0,0,0,0,0,8,4,1,0,0,0
"A8MQ03",0,0,0,0,8,4,5,0,0,0,0,0,0,0
"Q14011",0,7,4,2,0,0,0,0,0,0,0,0,0,0
"Q9NZ45",0,0,0,7,6,11,11,12,12,8,7,3,0,0
"Q07065",0,0,4,0,6,9,9,11,9,29,41,37,22,8
"P09496",12,10,9,0,0,0,0,0,0,0,0,0,0,0
"P09497",6,9,2,0,0,0,0,0,0,0,0,0,0,0
"Q00610",0,7,57,198,241,279,250,184,99,53,61,17,0,1
"Q96KA5",0,0,0,0,9,7,5,0,0,0,0,0,0,0
"O75746",0,0,4,4,14,11,21,0,6,0,1,0,0,0
"Q9Y224",0,1,14,0,0,0,0,0,0,0,0,0,0,0
"Q15021",0,1,0,0,0,0,0,0,0,0,0,0,0,0
"Q8NE01",0,0,0,0,3,1,0,0,0,0,0,0,0,0
"O75175",0,0,5,0,0,0,0,0,0,0,0,0,0,0
"P23528",8,15,15,8,3,2,4,2,4,0,0,0,0,0
"Q9Y281",1,0,0,0,0,0,0,0,0,0,0,0,0,0
"P53618",0,0,0,0,0,0,0,2,0,0,0,0,0,0
"P48444",0,3,0,0,0,0,0,0,0,0,0,0,0,0
"Q9UBF2",0,0,1,0,0,0,0,2,0,0,0,0,0,0
"Q9BR76",0,10,36,29,13,5,0,0,0,0,0,0,0,0
"Q7KZN9",0,0,6,8,9,10,15,2,0,0,0,0,0,0
"P00403",0,0,10,17,28,25,30,21,9,12,0,0,0,0
"P13073",0,0,13,22,21,20,14,14,25,28,28,20,2,6
"P20674",0,26,66,66,76,67,56,41,52,39,30,18,4,2
"P10606",0,0,43,39,16,38,19,42,45,59,40,26,0,0
"P09669",0,0,0,5,5,2,2,0,0,0,0,0,0,0
"Q86YQ8",0,0,0,0,0,7,4,0,0,0,0,0,0,0
"O43809",0,0,0,1,0,1,0,0,0,0,0,0,0,0
"Q8N684",0,3,2,3,0,1,0,0,0,0,0,0,0,0
"P50416",0,0,4,12,14,13,15,13,1,0,0,0,0,0
"Q8N2U0",0,0,0,2,3,6,5,0,0,0,0,0,0,0
"Q8IVT2",0,0,0,0,0,0,8,8,13,20,19,13,0,0
"Q9BSF4",0,0,0,0,0,0,0,2,2,0,0,0,0,0
"P21291",18,1,0,0,0,0,0,0,0,0,0,0,0,0
"Q05048",0,0,0,0,1,0,0,0,0,0,0,0,0,0
"P33240",3,10,8,0,0,0,0,0,0,0,0,0,0,0
"Q9NWU2",0,1,0,0,0,0,0,0,0,0,0,0,0,0
"O43402",0,0,0,0,0,0,0,0,3,4,0,0,0,0
"P78310",0,0,0,0,4,5,7,4,0,0,0,0,0,0
"P08574",0,0,0,45,40,45,38,30,33,28,18,5,0,0
"P16989",0,0,0,10,17,20,17,16,10,14,11,12,4,7
"Q9Y6G9",0,8,6,2,4,2,0,0,0,0,0,0,0,0
"O43237",0,7,11,0,0,0,0,0,0,0,0,0,0,0
"Q16531",0,2,7,4,0,0,0,0,0,0,0,0,0,0
"Q96HY6",0,0,0,0,0,1,0,0,0,0,0,0,0,0
"Q92499",0,0,1,0,0,0,0,0,0,0,0,0,0,0
"Q9NUL7",0,0,0,0,10,9,0,0,0,0,0,0,0,0
"O00571",2,10,32,34,0,9,12,8,0,0,0,1,0,0
"P17844",0,0,2,1,10,15,20,24,11,35,33,6,0,0
"P15924",0,0,0,0,0,0,0,2,0,0,0,0,0,0
"P31040",1,10,22,33,35,25,26,18,3,0,0,0,0,0
"P21912",0,0,3,9,11,9,11,15,0,0,0,0,0,0
"O43143",0,0,0,1,0,3,6,6,9,0,11,5,0,0
"Q7L2E3",0,0,0,5,10,13,13,12,0,5,11,0,0,0
"Q9H2U1",0,0,0,0,0,0,0,1,0,0,0,0,0,0
"Q08211",0,0,0,1,15,42,82,118,89,68,45,20,5,2
"Q9NVH1",0,0,1,6,0,9,6,8,0,0,0,0,0,0
"P09622",0,0,10,13,26,11,10,12,0,0,0,0,0,0
"P31689",0,0,0,0,0,1,0,0,0,0,0,0,0,0
"Q96EY1",0,0,0,6,5,0,0,6,2,0,0,0,0,0
"Q9C005",0,16,4,4,3,2,2,0,0,0,0,0,0,0
"Q16643",0,8,25,31,25,19,7,2,0,0,0,0,0,0
"Q6IAN0",0,0,0,0,0,0,0,10,1,0,0,0,0,0
"Q14126",0,12,32,53,48,56,40,37,9,9,0,0,0,0
"P55265",0,0,0,0,6,12,24,42,44,38,19,2,0,0
"Q14204",0,53,88,44,11,3,0,0,0,0,0,0,0,0
"P63172",0,0,0,1,0,0,0,0,0,0,0,0,0,0
"P50570",0,0,0,1,0,0,0,0,0,0,0,0,0,0
"P19525",0,2,0,4,0,0,0,0,0,0,0,0,0,0
"P40939",0,6,60,64,49,54,52,42,8,5,1,0,0,0
"P55084",0,4,17,8,0,0,0,0,0,0,0,0,0,0
"Q9BQ95",0,0,0,27,35,33,34,39,2,1,0,0,0,0
"Q6P2E9",0,0,0,0,0,0,0,0,1,0,0,0,0,0
"P68104",0,19,61,36,21,19,16,19,0,0,0,0,0,0
"P24534",0,22,39,7,4,4,3,4,6,8,8,1,0,0
"P13639",0,0,15,15,11,24,28,32,6,0,0,0,0,0
"P00533",0,5,4,3,0,2,5,0,0,0,0,0,0,0
"Q14152",0,0,0,0,0,14,11,0,0,0,0,0,0,0
"P06733",0,3,8,0,0,4,0,0,0,0,0,0,0,0
"P29317",0,0,0,0,0,0,0,3,0,0,0,0,0,0
"P58107",0,0,4,2,3,2,2,0,0,0,0,0,0,0
"Q14677",0,0,0,0,0,0,0,0,0,16,17,1,0,0
"O75616",0,0,0,10,3,2,2,0,0,0,0,0,0,0
"Q96DZ1",0,0,0,0,2,0,0,0,0,0,0,0,0,0
"O94905",0,0,0,6,27,43,33,23,6,20,15,4,0,0
"Q92817",0,0,0,0,0,0,0,4,0,0,0,0,0,0
"Q96A26",0,0,0,1,1,2,0,5,6,0,0,0,0,0
"Q5VSL9",0,1,9,2,0,0,0,0,0,0,0,0,0,0
"Q8IVS2",0,0,0,6,2,2,0,0,0,0,0,0,0,0
"O75844",0,0,0,4,4,4,4,2,0,0,0,0,0,0
"Q96CS3",0,0,4,8,10,18,15,15,0,0,0,0,0,0
"Q92520",0,0,0,5,3,4,2,4,0,0,0,0,0,0
"Q6UN15",0,3,0,0,0,0,0,0,0,0,0,0,0,0
"Q15007",0,4,0,0,0,0,0,0,0,0,0,0,0,0
"P21333",17,119,339,195,141,150,159,171,153,137,180,116,63,37
"O75369",10,79,257,167,148,146,153,138,113,140,165,63,20,8
"Q14315",0,0,5,0,0,0,0,0,0,0,0,0,0,0
"O75955",0,0,0,18,57,62,44,30,10,8,0,0,0,0
"Q96I24",0,0,0,0,0,0,0,3,2,0,0,0,0,0
"Q96CU9",0,0,0,0,2,0,0,2,0,0,0,0,0,0
"Q13283",0,0,1,0,0,0,0,0,0,0,0,0,0,0
"Q8TAE8",0,0,0,6,90,45,27,24,23,16,14,12,2,3
"P06744",0,0,0,0,1,3,1,0,0,0,0,0,0,0
"Q10471",0,5,16,29,26,42,52,47,16,0,0,0,0,0
"P62873",0,0,0,0,0,0,0,0,0,5,0,0,0,0
"Q9UBI6",0,0,0,7,10,12,11,16,3,0,0,0,0,0
"Q92616",0,2,4,14,10,14,0,9,0,0,0,0,0,0
"P06396",0,0,0,9,2,0,0,1,0,3,2,0,0,0
"Q8TEQ6",0,0,4,0,0,0,0,0,0,0,0,0,0,0
"Q9H936",0,0,0,1,0,2,3,3,0,0,0,0,0,0
"O94923",0,0,0,0,0,0,3,0,0,0,0,0,0,0
"P14314",0,4,0,0,0,0,0,0,0,0,0,0,0,0
"P34896",0,0,0,4,5,3,0,0,0,0,0,0,0,0
"P34897",0,3,8,13,6,0,0,0,0,0,0,0,0,0
"P63096",0,0,0,0,2,2,2,0,0,0,0,0,0,0
"P04899",0,0,0,12,18,21,18,15,0,0,0,0,0,0
"P08754",0,0,0,11,15,19,13,9,3,0,0,0,0,0
"Q14789",0,0,8,6,5,5,0,0,0,0,0,0,0,0
"O00461",0,0,13,14,0,5,9,16,11,20,8,4,0,1
"Q9H8Y8",8,8,17,10,11,11,13,13,7,4,0,0,0,0
"O95249",0,0,0,0,0,3,4,3,0,0,0,0,0,0
"O43292",0,0,0,0,0,0,0,0,0,0,2,5,0,0
"P35052",0,1,0,0,0,0,0,0,0,0,0,0,0,0
"P43304",0,0,1,5,9,12,13,22,8,0,0,0,0,0
"Q92643",0,0,0,0,5,0,0,0,6,4,0,0,0,0
"P38646",13,41,185,151,77,93,74,108,103,68,54,46,19,11
"Q14687",0,0,1,0,0,0,0,0,0,0,0,0,0,0
"Q8NBJ5",13,15,7,0,0,0,0,0,0,0,0,0,0,0
"P78347",0,0,4,9,4,1,0,0,0,0,0,0,0,0
"A4D1E9",0,0,0,0,6,0,0,0,0,0,0,0,0,0
"P11166",0,0,7,15,18,11,0,4,6,2,0,0,0,0
"P62805",0,0,0,0,0,0,0,0,8,15,24,24,16,6
"Q9UJ83",0,0,0,0,0,5,0,2,0,0,0,0,0,0
"Q99714",0,0,6,6,0,0,3,0,0,0,0,0,0,0
"O94992",0,0,2,0,0,0,0,0,0,0,0,0,0,0
"O14979",0,7,30,39,43,39,13,15,17,9,0,0,0,6
"P55795",0,7,2,0,0,0,0,0,0,0,0,0,0,0
"P31942",0,28,87,63,33,32,13,12,0,0,0,0,0,0
"Q9BUJ2",0,0,0,0,11,5,8,5,0,0,0,0,0,0
"Q1KMD3",0,5,6,11,26,18,14,14,16,6,4,0,0,0
"Q8WVV9",0,0,1,0,0,0,0,0,0,0,0,0,0,0
"Q14103",7,11,25,51,40,40,28,40,56,52,21,14,14,12
"P52597",0,4,9,10,7,9,14,14,6,0,0,0,0,0
"P38159",0,0,0,0,3,15,21,40,40,56,35,23,17,11
"P14866",0,10,39,108,93,86,71,46,28,10,0,0,0,0
"P52272",11,68,161,142,88,76,142,210,279,255,173,69,0,25
"O60506",0,2,23,80,92,103,109,98,57,40,38,14,0,1
"O43390",0,0,13,63,57,86,104,106,86,46,35,11,0,0
"Q00839",10,25,123,195,195,185,182,176,179,134,85,49,19,26
"P08238",0,0,5,4,1,0,0,0,0,0,0,0,0,0
"P08107",0,9,32,24,19,18,22,19,19,12,11,10,2,3
"P54652",0,0,28,0,15,5,7,0,18,0,0,0,0,0
"P34932",0,0,0,0,0,1,0,0,0,0,0,0,0,0
"P11142",0,11,97,97,67,79,80,71,90,74,64,44,12,10
"P04792",0,3,0,0,0,0,0,0,0,0,0,0,0,0
"O43719",0,0,7,0,0,0,0,0,0,0,0,0,0,0
"P05198",0,0,2,0,0,0,0,0,0,0,0,0,0,0
"Q9Y6M1",0,0,0,0,0,0,0,3,0,0,0,0,0,0
"O00425",0,0,0,0,0,4,0,7,0,0,0,0,0,0
"P60842",0,4,5,8,5,2,5,4,0,0,0,0,0,0
"P38919",0,0,0,0,0,0,0,5,7,0,0,0,0,0
"P23588",0,8,0,0,0,0,0,0,0,0,0,0,0,0
"Q15056",0,0,0,1,0,2,0,0,0,0,0,0,0,0
"Q70UQ0",0,0,0,0,1,1,1,0,0,0,0,0,1,0
"Q12905",0,16,26,59,72,104,110,97,62,67,36,11,0,0
"A1L0T0",0,0,3,12,15,12,9,4,0,0,0,0,0,0
"P52292",0,4,0,0,0,0,0,0,0,0,0,0,0,0
"Q14974",0,0,12,10,7,9,6,13,3,0,0,0,0,0
"Q9NX62",0,0,0,0,0,2,0,0,0,0,0,0,0,0
"Q27J81",0,0,0,2,4,6,4,0,0,0,0,0,0,0
"P46940",0,0,0,0,3,6,5,11,0,0,0,0,0,0
"P17301",0,0,0,0,8,8,3,0,0,0,0,0,0,0
"P08648",0,0,0,5,6,5,7,0,0,0,0,0,0,0
"P06756",0,0,0,1,0,0,0,0,0,0,0,0,0,0
"P05556",0,0,16,25,24,16,15,10,0,0,0,0,0,0
"P16144",0,0,5,2,0,3,6,10,0,0,0,0,0,0
"Q96J02",0,0,0,0,0,0,0,3,0,0,0,0,0,0
"Q14573",0,0,0,0,0,6,9,11,3,1,0,0,0,0
"Q96ST2",0,0,0,0,2,3,4,2,0,0,0,0,0,0
"Q8N766",0,0,0,1,1,1,1,0,0,0,0,0,0,0
"Q8N163",0,16,61,37,36,33,22,12,1,0,0,0,0,0
"P05783",0,16,38,49,55,57,63,49,36,22,27,14,8,0
"P08727",17,0,0,0,0,0,0,0,0,2,0,3,0,0
"P04264",3,4,0,0,0,0,0,42,4,13,28,0,1,0
"P54819",0,0,4,0,0,0,0,0,0,0,0,0,0,0
"P13861",0,4,0,0,0,1,0,2,0,0,0,0,0,0
"Q07666",0,0,0,8,17,18,20,10,7,0,0,0,0,0
"P17252",0,0,0,0,0,0,0,4,0,0,0,0,0,0
"P14618",0,1,0,4,4,5,0,2,0,0,0,0,0,0
"Q86UP2",0,0,0,1,0,0,0,0,0,0,2,3,0,0
"P07942",0,3,0,0,0,0,0,0,0,0,0,0,0,0
"P11279",0,0,0,0,0,0,2,9,0,0,0,0,0,0
"P42166",0,0,1,0,2,2,0,0,7,20,12,16,5,4
"P42167",0,0,2,0,0,0,0,0,0,0,0,0,0,0
"Q6PKG0",0,0,0,0,0,0,2,0,0,0,0,0,0,0
"Q14739",0,0,0,0,0,0,3,0,0,0,0,0,0,0
"Q9UIQ6",0,0,0,0,0,3,4,2,1,0,0,0,0,0
"P00338",0,0,0,1,0,0,0,2,0,0,0,0,0,0
"P01130",0,0,0,2,0,0,0,0,0,0,0,0,0,0
"P09382",0,0,7,10,4,4,1,3,3,0,0,0,0,0
"O95202",0,10,16,19,19,17,11,6,0,0,0,0,0,0
"Q08380",0,0,5,2,5,0,5,0,0,0,0,0,0,0
"Q99538",0,0,0,0,0,0,0,2,0,0,0,0,0,0
"P49257",0,0,3,29,30,24,34,27,0,0,0,0,0,0
"Q12907",0,2,0,10,11,16,13,5,0,0,0,0,0,0
"P02545",12,9,0,0,0,0,0,2,20,41,43,22,2,2
"P20700",0,0,11,2,0,0,0,0,0,7,11,5,0,0
"P36776",0,9,13,0,0,0,0,0,0,0,0,0,0,0
"Q93052",0,0,0,0,1,0,0,0,0,0,0,0,0,0
"P42704",0,24,68,96,71,91,112,100,34,19,6,4,0,0
"Q96AG4",0,0,0,0,0,0,0,0,9,3,10,5,0,0
"Q8IWT6",0,0,0,0,0,2,0,0,0,0,0,0,0,0
"Q32MZ4",0,3,0,0,0,0,0,0,0,0,0,0,0,0
"Q8ND56",0,0,0,2,5,0,0,0,0,0,0,0,0,0
"Q9H089",0,0,0,0,0,2,0,0,0,0,0,0,0,0
"Q6IAA8",0,0,5,10,20,15,12,10,7,1,1,0,0,0
"Q9UHA4",0,0,0,1,4,4,0,0,0,0,0,0,0,0
"Q86UE4",0,0,0,0,0,0,0,0,0,13,22,30,28,9
"Q02978",1,10,15,38,34,39,46,37,19,18,6,6,1,2
"Q16706",0,0,0,0,3,2,2,2,2,0,1,0,0,0
"Q9H0U3",0,0,0,0,0,0,0,0,0,3,0,0,0,0
"Q7Z434",0,0,0,0,6,4,10,6,12,9,0,0,0,0
"O95983",0,0,3,0,0,0,0,0,0,0,0,0,0,0
"O43324",0,0,5,18,4,0,0,0,0,0,0,0,0,0
"O43772",0,0,0,2,0,0,0,0,0,0,0,0,0,0
"Q96RQ3",0,0,3,0,0,0,0,0,0,0,0,0,0,0
"Q9HCC0",0,0,7,0,0,0,0,0,0,0,0,0,0,0
"P49736",0,7,0,0,0,0,0,0,0,0,0,0,0,0
"P25205",0,6,14,0,0,0,0,0,0,0,0,0,0,0
"P33991",0,8,13,0,0,0,0,0,0,0,0,0,0,0
"P33992",0,1,1,0,0,0,0,0,0,0,0,0,0,0
"P33993",0,0,4,0,0,0,0,0,0,0,0,0,0,0
"Q8NE86",0,0,0,7,7,11,12,15,0,0,0,0,0,0
"P40926",0,0,4,9,6,7,0,8,0,0,0,0,0,0
"P08581",0,0,0,0,0,2,5,4,0,0,0,0,0,0
"Q9H2D1",0,0,0,2,0,3,1,0,0,0,0,0,0,0
"Q8N183",0,0,0,0,0,0,0,0,2,0,0,0,0,0
"Q8IXI1",0,0,0,0,0,0,0,7,0,0,0,0,0,0
"Q14165",0,0,0,0,0,0,0,0,0,6,6,9,3,3
"Q13724",0,0,0,0,0,0,0,7,0,0,0,0,0,0
"Q9HCE1",0,0,0,0,0,0,0,3,0,0,0,0,0,0
"Q00325",0,0,0,43,46,53,52,66,55,42,0,0,0,0
"P20645",0,0,0,0,0,0,3,5,11,8,4,0,0,0
"P11717",0,0,0,0,0,0,0,0,8,2,0,0,0,0
"Q15800",0,0,0,0,0,2,0,0,0,0,0,0,0,0
"Q9NZJ7",1,4,9,11,11,12,1,0,0,0,0,0,0,0
"Q9Y6C9",0,0,0,4,3,6,7,12,0,0,0,0,0,0
"Q96E29",0,0,0,0,0,2,0,0,0,0,0,0,0,0
"Q13505",0,0,0,0,0,6,6,11,0,0,0,0,0,0
"O75431",0,0,0,0,5,6,6,0,0,0,0,0,0,0
"Q14764",0,0,0,0,1,2,3,38,0,0,0,0,0,0
"P35579",0,4,33,61,42,50,74,65,26,16,14,12,0,0
"P60660",6,8,36,16,20,19,20,9,1,0,3,2,0,0
"O00159",0,0,0,1,0,0,4,8,4,0,0,0,0,0
"Q9NZM1",0,0,0,30,44,46,40,49,25,5,0,0,0,0
"Q9UHQ9",0,0,0,9,8,7,12,13,0,0,0,0,0,0
"P00387",0,0,0,8,16,14,13,9,6,0,0,0,0,0
"Q969V3",0,0,0,0,0,0,0,0,0,10,1,1,0,0
"Q9HCD5",0,0,3,0,0,0,0,0,0,0,0,0,0,0
"O43678",0,0,0,4,9,7,7,6,0,0,0,0,0,0
"Q16718",0,24,17,20,23,33,29,9,9,9,4,0,0,0
"Q16795",0,0,4,8,16,24,25,25,10,0,0,0,0,0
"O95168",0,0,0,3,12,13,12,12,12,10,0,0,0,0
"O95139",0,0,0,10,9,12,13,25,1,0,0,0,0,0
"P17568",0,0,0,4,12,9,10,6,8,0,0,0,0,0
"O95169",0,0,0,3,0,0,0,6,0,0,0,0,0,0
"Q9Y6M9",0,0,0,0,13,7,9,8,0,0,0,0,0,0
"O96000",0,0,0,27,43,34,42,36,42,35,26,11,0,0
"Q9BU61",0,0,0,5,0,3,0,0,3,0,0,0,0,0
"Q9P032",0,0,0,0,0,0,0,5,0,0,0,0,0,0
"O75306",0,4,13,19,27,33,33,24,0,0,0,0,0,0
"O75489",0,0,4,27,53,49,46,60,21,14,13,2,0,0
"O43181",0,0,0,2,5,6,5,6,4,6,0,0,0,0
"O75380",0,0,1,0,2,5,4,0,2,0,0,0,0,0
"O00217",0,0,7,15,10,16,13,23,9,2,0,0,0,0
"P49821",0,0,4,5,9,14,9,0,0,0,0,0,0,0
"Q6ZNB6",0,0,0,0,0,0,0,0,0,3,2,3,0,0
"Q92542",0,0,0,0,0,0,0,2,0,0,0,0,0,0
"Q86WB0",9,0,0,0,0,0,0,0,0,0,0,0,0,0
"Q13423",1,2,26,79,81,75,85,73,46,46,44,19,3,4
"Q15233",0,5,18,5,9,5,9,12,4,10,5,0,0,0
"O15118",0,0,0,2,0,0,0,0,0,0,0,0,0,0
"P06748",16,10,3,2,0,1,4,0,12,8,1,0,0,0
"P46459",0,0,3,2,7,0,0,0,0,0,0,0,0,0
"Q08J23",0,0,0,0,2,0,0,0,0,0,0,0,0,0
"P57740",0,20,11,7,0,0,0,0,0,0,2,0,0,0
"Q8WUM0",0,0,4,1,0,0,0,0,0,0,0,0,0,0
"P49790",0,8,5,0,0,0,0,0,0,0,0,0,0,0
"O75694",0,0,0,0,0,0,0,0,2,6,4,1,0,0
"Q5SRE5",0,0,0,0,0,2,5,0,0,0,0,0,0,0
"P03886",0,0,0,0,0,4,6,6,0,0,0,0,0,0
"P35658",0,8,6,0,2,1,0,0,1,10,6,0,0,0
"P19338",0,6,7,0,0,0,0,0,0,0,0,0,0,0
"Q9UKX7",0,3,8,0,0,0,0,0,0,0,0,0,0,0
"Q8NFH5",0,0,0,0,0,0,0,0,3,14,19,0,0,0
"P37198",0,0,0,0,0,0,0,4,0,0,0,0,0,0
"Q99567",0,2,0,0,0,0,0,0,0,0,0,0,0,0
"Q9BVL2",0,0,0,0,0,2,2,1,0,0,0,0,0,0
"Q9UBU9",0,0,0,0,0,0,0,5,7,16,14,4,0,0
"Q9NX40",0,0,0,8,6,10,6,10,11,0,0,0,0,0
"Q56VL3",0,0,0,0,0,0,3,8,0,0,0,0,0,0
"P11182",0,0,0,15,2,0,0,0,0,0,0,0,0,0
"Q02218",0,16,33,106,253,106,64,30,0,0,0,0,0,0
"P10515",3,18,28,28,63,91,12,0,0,0,0,0,0,0
"P11177",4,14,56,100,118,125,18,9,0,0,0,0,0,0
"O00330",0,0,0,0,5,24,0,0,0,0,0,0,0,0
"P39656",0,0,1,4,4,8,9,0,6,8,10,15,4,0
"Q96C36",0,0,0,0,0,0,0,0,2,0,0,0,0,0
"P54886",0,0,2,0,0,0,0,0,0,0,0,0,0,0
"Q9UQ80",0,0,0,2,1,0,0,0,0,0,0,0,0,0
"Q86U42",0,1,0,0,0,0,0,0,0,0,0,0,0,0
"Q8NC51",0,0,0,0,0,1,1,0,3,20,20,14,3,0
"Q9UKK3",0,0,0,0,0,0,0,3,0,0,0,0,0,0
"Q8NF37",0,0,3,6,6,6,5,4,0,0,0,0,0,0
"Q15365",0,0,6,9,8,5,7,6,0,3,2,1,3,0
"Q15154",0,0,0,0,0,0,0,0,0,0,0,13,7,0
"O75340",0,3,6,13,11,21,31,25,9,0,0,0,0,0
"P07237",0,0,4,6,2,4,2,0,0,0,0,0,0,0
"P30101",0,11,29,27,29,24,18,15,22,12,2,0,0,0
"O00151",0,8,0,0,0,0,0,0,0,0,0,0,0,0
"Q9UBV8",0,0,0,0,4,0,0,0,0,0,0,0,0,0
"Q96HS1",0,0,0,0,0,0,0,0,9,0,0,0,0,0
"O00264",0,0,5,19,19,27,23,18,0,0,0,0,0,0
"P35232",6,26,93,158,216,188,197,183,90,57,54,41,33,31
"Q99623",1,8,63,106,148,118,153,99,86,47,46,23,4,4
"P42356",0,0,0,0,0,0,3,0,0,0,0,0,0,0
"Q96S52",0,0,0,6,9,12,11,5,0,0,0,0,0,0
"P14923",0,0,0,3,10,3,6,2,0,3,0,0,0,0
"Q15149",0,13,73,48,47,49,72,68,65,93,121,48,0,0
"O60568",0,0,11,5,0,0,0,0,0,0,0,0,0,0
"Q04941",0,0,0,0,16,2,17,0,0,0,0,0,0,0
"Q8IY17",0,0,0,0,0,0,0,2,0,0,0,0,0,0
"O43660",0,0,0,0,0,0,0,0,0,1,0,0,0,0
"O43808",0,0,0,0,0,1,2,5,0,0,0,0,0,0
"P29590",0,2,0,0,0,0,0,0,0,0,0,0,0,0
"Q8TCS8",0,15,0,0,0,0,0,0,0,0,0,0,0,0
"Q8TEM1",0,0,0,1,0,2,5,0,11,27,22,3,0,0
"Q99575",0,0,4,0,0,0,0,0,0,0,0,0,0,0
"P23284",0,0,0,0,0,0,0,2,0,5,6,2,0,7
"O15355",2,0,0,0,0,0,0,0,0,0,0,0,0,0
"O75400",0,0,0,3,10,1,0,0,0,0,0,0,0,0
"Q9HCU5",0,0,0,2,0,0,0,0,0,0,0,0,0,0
"P78527",0,0,0,9,2,6,6,18,0,0,0,1,0,0
"P07737",0,0,0,0,0,0,0,0,1,0,0,0,0,0
"Q9UMS4",0,0,2,0,0,0,0,0,0,0,0,0,0,0
"P62191",0,2,5,25,0,0,0,0,0,0,0,0,0,0
"P17980",0,0,26,49,0,0,0,0,0,0,0,0,0,0
"P43686",0,27,41,18,4,0,0,0,0,0,0,0,0,0
"P35998",0,0,17,13,0,0,0,0,0,0,0,0,0,0
"P62195",0,0,11,24,0,0,0,0,0,0,0,0,0,0
"P25787",0,2,0,19,0,0,0,0,0,0,0,0,0,0
"P25788",0,0,0,3,0,0,0,0,0,0,0,0,0,0
"P28066",0,0,5,9,0,0,0,0,0,0,0,0,0,0
"P60900",0,0,5,0,0,0,0,0,0,0,0,0,0,0
"O14818",0,0,8,8,0,0,0,0,0,0,0,0,0,0
"P20618",0,2,30,30,0,0,0,0,0,0,0,0,0,0
"P49721",0,0,4,7,0,0,0,0,0,0,0,0,0,0
"P49720",0,0,3,4,0,0,0,0,0,0,0,0,0,0
"P28070",0,18,14,13,0,0,0,0,0,0,0,0,0,0
"Q99436",0,17,0,0,0,0,0,0,0,0,0,0,0,0
"O00232",0,0,8,0,0,0,0,0,0,0,0,0,0,0
"P51665",0,0,7,11,0,0,0,0,0,0,0,0,0,0
"O00487",0,15,21,3,0,0,0,0,0,0,0,0,0,0
"Q99460",0,9,22,15,0,0,0,0,0,0,0,0,0,0
"Q13200",0,5,12,0,0,0,0,0,0,0,0,0,0,0
"O43242",0,0,10,35,2,0,0,0,0,0,0,0,0,0
"Q15008",0,0,0,2,0,0,0,0,0,0,0,0,0,0
"P26599",2,25,38,69,62,79,88,56,20,3,4,0,0,0
"O75127",0,0,0,0,0,6,0,2,0,0,0,0,0,0
"Q96EY7",0,0,0,32,15,22,20,24,13,15,6,1,0,0
"P18031",0,0,0,0,4,2,4,0,0,0,0,0,0,0
"Q6NZI2",0,0,0,3,8,12,27,50,33,9,2,0,0,0
"Q9BVG9",0,0,0,0,0,0,0,1,2,0,0,0,0,0
"P27708",0,0,2,7,0,0,0,0,0,0,0,0,0,0
"Q02127",0,0,0,7,4,2,3,4,1,2,0,0,0,0
"P31930",0,0,12,30,39,37,39,49,45,15,10,5,0,0
"P22695",20,26,58,113,116,137,128,143,92,63,54,25,0,0
"P07919",0,0,0,0,1,0,0,0,0,0,0,0,0,0
"Q6ZRP7",0,0,0,0,6,0,0,7,0,0,0,0,0,0
"P61026",0,0,5,8,8,10,11,14,3,0,0,0,0,0
"P61106",0,0,3,9,11,14,9,6,8,2,0,0,0,0
"P62820",0,2,21,32,33,37,34,36,14,0,0,0,0,0
"Q9H0U4",0,1,9,13,18,20,22,15,0,0,0,0,0,0
"Q9UL25",0,0,0,2,1,4,0,3,0,0,1,0,0,0
"P61019",0,0,2,17,21,18,18,16,9,0,0,0,7,4
"P61020",0,0,0,0,0,0,0,6,0,0,0,0,0,0
"P51148",0,7,6,15,19,16,18,20,9,0,6,0,0,0
"P51149",0,0,5,17,25,22,21,32,23,6,3,10,0,0
"P61006",0,0,0,6,3,4,6,12,8,0,0,0,0,0
"O60216",0,1,2,0,0,0,0,0,0,0,0,0,0,0
"P46060",0,6,2,4,1,0,2,0,0,0,0,0,0,0
"Q8NFJ5",0,2,18,9,10,13,22,30,22,6,2,0,0,0
"Q96S59",0,0,3,0,0,0,0,0,0,0,0,0,0,0
"Q15907",0,0,0,0,2,1,1,0,0,0,0,0,0,0
"Q7Z6E9",0,0,0,0,0,0,0,0,5,0,0,0,0,0
"Q96PK6",0,0,0,0,5,4,13,10,18,23,0,0,0,0
"P98179",0,19,65,40,24,5,0,0,0,0,0,0,0,0
"Q9Y5S9",0,0,0,0,0,0,0,0,6,25,24,9,0,0
"Q15434",0,0,0,0,4,1,0,0,0,0,0,0,0,0
"P49792",0,1,5,0,2,0,4,5,3,7,5,0,0,0
"Q9UKL0",0,0,5,0,0,0,0,0,0,0,0,0,0,0
"Q92900",0,0,0,0,0,0,2,0,0,0,0,0,0,0
"Q6NTF9",0,0,0,0,0,0,0,7,0,0,0,0,0,0
"P61586",0,0,0,2,0,0,3,0,0,0,0,0,0,0
"P62745",0,0,0,2,0,2,0,0,0,0,0,0,0,0
"P62913",0,0,0,0,0,0,4,8,8,10,17,10,22,6
"P30050",0,0,0,0,0,0,2,8,8,10,11,6,3,0
"P26373",0,0,0,0,0,0,0,0,16,34,39,36,18,6
"P61313",0,0,0,0,0,0,0,0,0,7,8,16,0,0
"P18621",0,0,0,0,0,0,0,0,0,0,1,0,0,0
"Q07020",0,0,0,0,0,0,0,6,7,20,23,20,16,10
"P84098",0,0,0,0,0,0,4,6,15,20,25,22,12,2
"P46778",0,0,0,0,0,4,3,2,18,12,20,11,2,1
"P35268",0,0,0,0,0,0,0,5,0,15,8,16,4,2
"P62829",0,0,0,0,0,0,0,7,10,10,11,5,0,0
"P46776",0,0,0,0,0,0,0,0,0,0,0,13,6,0
"P61513",0,0,0,0,0,0,0,0,8,9,14,10,4,0
"P36578",0,0,0,0,0,0,4,14,27,16,22,8,0,0
"P46777",0,0,0,0,0,0,0,0,8,13,14,14,0,0
"P62424",0,0,0,0,0,0,0,3,6,10,13,12,11,0
"P32969",0,0,0,0,0,0,3,4,4,3,0,0,0,0
"P05388",0,0,0,0,2,5,8,19,7,9,13,0,1,0
"P05386",15,11,27,10,18,16,25,38,38,14,13,0,0,0
"P05387",0,1,36,20,29,22,38,76,106,107,96,58,25,11
"Q9BYD6",0,4,4,24,45,20,14,5,9,11,8,0,0,0
"Q5T653",0,0,0,0,15,8,6,4,4,0,0,0,0,0
"P09001",0,0,0,0,30,6,0,0,0,0,0,0,0,0
"Q9BYD3",0,0,0,5,64,30,17,11,8,5,2,0,0,0
"Q9BYD2",0,0,0,0,39,19,16,13,7,0,0,0,0,0
"Q9Y3B7",0,0,0,0,61,35,23,15,16,12,0,0,0,0
"Q9BYD1",0,0,0,0,39,20,9,4,0,0,0,0,0,0
"Q6P1L8",0,0,0,0,24,9,8,5,2,5,0,11,0,0
"Q9P015",0,0,0,8,81,40,20,11,20,6,2,0,0,0
"Q9NX20",0,0,0,0,9,0,0,0,0,0,0,0,0,0
"Q9NRX2",0,0,0,0,24,10,4,2,0,0,0,0,0,0
"P49406",0,0,0,0,25,9,0,0,0,0,0,0,0,0
"Q9BYC9",0,0,0,0,8,6,5,4,0,0,0,0,0,0
"Q9NWU5",0,0,0,0,20,7,5,0,7,8,4,0,0,0
"Q16540",0,0,0,0,19,15,5,7,6,0,0,0,0,0
"Q96A35",0,0,0,0,21,6,3,6,0,0,0,0,0,0
"Q13084",0,0,0,20,21,6,5,0,0,0,0,0,0,0
"Q9BZE1",0,0,0,0,43,26,22,27,14,4,1,0,0,0
"Q96DV4",0,0,0,0,37,12,10,7,0,0,0,0,0,0
"Q9NQ50",0,0,0,0,67,32,27,28,0,0,0,0,0,0
"Q9H9J2",0,0,0,0,42,18,15,10,0,0,0,0,0,0
"Q9H2W6",0,0,0,0,5,6,3,0,0,0,0,0,0,0
"Q96GC5",0,0,0,0,10,0,0,0,0,8,0,0,0,3
"Q13405",0,0,0,0,24,18,9,17,22,27,18,14,2,2
"Q96TC7",0,4,30,51,45,49,51,44,27,24,12,0,0,0
"Q9HC36",0,0,0,11,7,1,0,0,0,0,0,0,0,0
"Q15287",0,0,0,0,0,0,3,0,4,9,3,0,0,0
"Q13151",0,1,0,16,22,37,49,52,34,25,10,4,6,2
"P09651",14,25,4,0,4,5,7,12,7,8,14,7,9,7
"P22626",62,194,328,417,494,434,248,216,119,98,64,28,12,36
"P51991",0,0,20,41,37,53,47,56,39,39,11,8,4,6
"Q99729",13,27,72,69,58,61,59,63,58,35,3,0,0,0
"O15160",0,2,0,0,0,0,0,0,0,0,0,0,0,0
"P24928",0,0,41,8,6,0,0,0,0,0,0,0,0,0
"P30876",0,0,4,0,0,0,0,0,0,0,0,0,0,0
"P36954",0,4,0,0,0,0,0,0,0,0,0,0,0,0
"P04844",0,0,10,14,35,34,36,22,16,13,11,18,4,2
"P46783",0,0,0,0,0,0,0,8,0,0,0,0,0,0
"P62277",0,0,0,0,0,0,0,5,0,0,0,0,0,0
"P62841",0,0,0,5,8,10,10,6,3,6,0,0,0,0
"P62244",0,0,0,0,0,0,0,6,0,0,0,0,0,0
"P62249",0,0,0,0,0,0,5,9,10,5,13,11,8,4
"P62269",0,0,0,0,3,0,0,0,0,0,0,0,0,0
"P39019",0,0,0,0,0,0,1,0,0,0,0,0,0,0
"P15880",0,0,0,0,0,3,8,13,7,0,14,4,0,0
"P63220",0,0,0,0,0,0,0,2,6,4,4,0,0,0
"P62266",0,0,0,0,0,0,0,6,9,6,8,4,0,0
"P62847",0,0,0,0,0,0,0,8,8,0,0,0,0,0
"P62851",0,0,0,0,0,0,0,0,0,8,11,8,0,0
"Q71UM5",0,0,0,0,0,0,0,0,0,13,11,9,1,0
"P23396",0,0,0,0,6,9,14,22,17,43,48,55,32,22
"P61247",0,0,0,0,0,0,1,4,0,0,0,13,0,0
"P62701",0,0,0,0,1,3,0,8,0,1,7,5,5,0
"P62753",0,0,0,0,0,0,0,2,8,21,27,18,13,5
"P62081",0,0,0,1,0,2,0,0,0,0,0,0,0,0
"P82675",5,0,37,34,39,35,32,12,0,0,0,0,0,0
"Q9Y2R9",0,0,0,10,0,0,0,0,0,0,0,0,0,0
"P82933",0,0,0,46,17,13,15,10,10,0,0,0,0,0
"P82664",0,0,0,4,0,2,2,6,0,0,0,0,0,0
"P82912",0,0,0,0,0,0,0,0,12,0,0,0,0,0
"Q9Y3D3",0,0,0,17,0,4,2,5,0,0,0,0,0,0
"Q9Y676",0,0,11,55,11,10,7,6,0,0,0,0,0,0
"P82921",0,0,0,3,0,4,4,6,8,3,2,0,0,0
"P82650",0,0,2,52,14,20,16,8,6,0,0,0,0,0
"Q9Y3D9",0,0,0,53,11,14,13,12,0,17,19,0,0,0
"P82663",0,0,0,5,0,0,0,0,0,0,0,0,0,0
"Q9BYN8",0,0,25,20,15,16,13,3,0,0,0,0,0,0
"P51398",0,0,14,55,29,28,33,22,22,10,6,0,0,0
"Q9NP92",0,8,0,28,16,11,8,2,0,0,0,0,0,0
"Q92665",0,0,17,38,30,44,39,22,22,1,0,0,0,0
"P82673",0,4,16,31,19,25,26,20,2,0,0,0,0,0
"P82909",0,0,15,18,58,32,19,13,13,7,0,0,0,0
"P08621",0,0,10,12,2,4,6,6,5,0,0,0,0,0
"P09661",0,19,46,13,3,7,2,4,5,8,6,8,6,4
"Q96CM3",0,0,0,6,5,5,0,0,0,0,0,0,0,0
"Q9Y265",0,0,4,3,0,0,0,0,0,0,0,0,0,0
"Q9Y230",0,0,15,0,0,0,0,0,0,0,0,0,0,0
"P60903",0,0,0,16,17,21,30,26,20,6,0,0,0,0
"P31949",6,12,17,19,23,28,31,12,1,0,0,0,0,0
"Q96FQ6",0,5,0,2,0,0,0,0,0,0,0,0,0,0
"Q9UP95",0,0,0,2,5,3,4,4,0,0,0,0,0,0
"Q9Y666",0,0,0,0,0,0,0,1,0,0,0,0,0,0
"Q8TBP6",0,0,0,0,0,0,0,4,0,0,0,0,0,0
"P50443",0,0,0,1,0,2,0,0,0,0,0,0,0,0
"O14975",0,1,1,4,5,5,6,8,0,0,0,0,0,0
"Q9UHR5",0,0,3,0,0,0,0,0,0,0,0,0,0,0
"Q96QD8",0,0,2,7,10,10,11,8,0,0,0,0,0,0
"Q14151",0,0,0,0,0,0,0,0,0,4,0,0,0,0
"Q9Y512",0,0,2,0,0,11,17,22,21,4,0,0,0,0
"P82979",0,6,0,0,0,0,0,0,0,0,0,0,0,0
"Q15020",0,0,31,2,1,0,1,0,0,0,0,0,0,0
"O75396",0,0,1,16,19,26,27,31,33,22,15,16,2,1
"Q15436",0,0,0,0,0,0,0,1,0,0,0,0,0,0
"P53992",0,0,0,0,0,0,0,1,0,0,0,0,0,0
"O14828",0,0,4,8,9,8,5,3,6,11,6,0,0,3
"Q8WVM8",0,0,0,7,15,6,0,0,4,0,0,0,0,0
"Q6NUK1",15,13,28,17,42,51,36,25,16,11,8,5,4,4
"O43819",0,0,2,0,0,0,0,0,0,0,0,0,0,0
"Q14108",0,0,2,0,0,0,0,0,0,0,0,0,0,0
"Q9UBV2",0,0,0,0,5,2,3,0,0,0,0,0,0,0
"Q9H4L4",0,0,0,0,0,0,0,1,0,0,0,0,0,0
"O43175",0,0,0,0,0,2,0,0,0,0,0,0,0,0
"Q9NRX5",0,0,0,0,0,0,0,6,4,0,0,0,0,0
"P50454",0,2,4,4,2,3,0,0,0,0,0,0,0,0
"Q01105",0,0,0,0,0,0,0,0,0,7,0,0,0,0
"Q15459",0,2,24,0,0,0,0,0,0,7,0,6,0,0
"Q12874",0,0,5,0,0,0,0,0,0,1,1,0,0,0
"O75533",2,14,33,0,0,0,0,2,4,4,0,0,0,0
"Q13435",0,14,91,11,4,0,2,0,8,16,3,2,0,0
"Q15393",0,0,12,10,0,0,0,4,2,3,0,5,0,0
"Q9BWJ5",0,0,2,0,0,0,0,0,0,0,0,0,0,0
"P23246",0,0,2,2,0,9,0,10,11,16,11,5,0,0
"Q9H9B4",2,13,43,72,51,55,56,49,36,18,9,7,0,6
"Q96NB2",0,0,0,3,0,2,2,0,0,0,0,0,0,0
"Q9BWM7",0,0,15,30,27,31,28,48,19,19,4,4,0,0
"Q9GZT3",0,16,11,5,3,5,6,4,13,15,17,0,0,0
"Q9NWH9",0,0,0,0,0,0,0,0,2,10,3,3,0,0
"P62314",2,21,25,21,14,13,16,4,0,0,0,0,0,0
"Q7KZF4",0,0,0,0,0,0,0,0,3,7,14,7,2,0
"O00161",0,0,0,3,8,1,0,0,0,0,0,0,0,0
"P09012",0,0,20,4,0,0,0,0,0,0,0,0,0,0
"O43290",0,0,0,0,0,0,0,0,0,4,5,4,0,0
"P35610",0,0,0,0,0,0,2,0,0,0,0,0,0,0
"P61009",0,0,0,0,0,0,0,0,0,6,0,0,0,0
"Q9BSE5",0,0,3,3,0,0,0,0,0,0,0,0,0,0
"Q9UQ90",0,0,0,3,2,4,2,0,0,0,0,0,0,0
"O00267",0,0,4,0,0,0,0,0,0,0,0,0,0,0
"Q13813",0,17,75,77,65,67,78,69,35,27,49,11,0,0
"Q9Y6N5",0,0,0,0,1,0,3,10,8,4,0,0,0,0
"Q13501",0,11,31,23,22,22,15,11,10,8,6,2,0,0
"Q14247",0,0,6,0,0,0,0,0,0,0,0,0,0,0
"P37108",18,23,5,0,0,0,2,1,11,22,17,12,2,0
"Q9UQ35",0,0,0,0,0,7,15,15,32,42,26,0,0,0
"Q9BXP5",0,0,0,0,0,0,0,0,2,0,0,0,0,0
"Q05519",0,0,5,0,0,0,0,0,0,0,0,0,0,0
"Q07955",0,0,0,36,0,10,0,0,0,0,0,0,0,0
"Q01130",0,0,12,24,10,7,0,0,0,0,0,0,0,0
"P84103",0,0,0,17,25,29,30,15,0,0,0,0,0,0
"Q13243",0,0,0,0,1,2,6,5,0,0,0,0,0,0
"Q16629",0,0,0,0,0,0,17,0,0,0,0,0,0,0
"Q13242",0,0,23,10,0,0,0,0,0,0,0,0,0,0
"Q04837",0,0,15,30,23,21,31,25,5,0,0,0,0,0
"P43307",0,0,0,8,12,7,7,10,2,0,0,0,0,0
"Q8N3U4",0,4,0,0,0,0,0,0,0,0,0,0,0,0
"Q9UJZ1",0,10,22,59,60,72,74,68,19,22,13,13,2,4
"P27105",0,6,12,29,29,26,32,13,1,0,0,0,0,0
"O43815",0,0,21,0,0,0,0,0,0,0,0,0,0,0
"Q8TCJ2",0,0,0,0,1,0,3,0,0,0,0,0,0,0
"Q12846",0,0,0,2,2,1,0,0,0,0,0,0,0,0
"O15400",0,0,0,0,0,0,0,0,5,0,0,0,0,0
"Q8IX01",0,0,0,0,0,0,0,9,6,6,2,0,0,0
"Q15526",0,0,0,6,10,7,8,10,12,0,0,0,0,0
"P14868",0,0,2,55,7,3,4,0,0,0,0,0,0,0
"P07814",0,2,51,162,15,5,0,6,0,0,0,0,0,0
"P57105",0,0,0,0,12,9,8,1,2,1,0,0,0,0
"Q9P2J5",0,7,30,88,0,0,0,0,0,0,0,0,0,0
"P56192",0,0,9,28,0,0,0,0,0,0,0,0,0,0
"Q92797",0,4,0,0,0,0,0,0,0,0,0,0,0,0
"P54136",0,3,12,47,5,0,0,0,0,0,0,0,0,0
"P26640",0,17,47,2,2,0,0,0,0,0,0,0,0,0
"Q9Y2Z4",0,0,0,0,0,11,0,0,0,0,0,0,0,0
"Q9H061",0,0,3,6,5,7,5,0,0,0,0,0,0,0
"Q8IUX1",0,0,0,0,0,0,0,2,0,0,0,0,0,0
"Q03518",0,0,2,8,6,7,6,6,6,2,2,0,0,0
"Q9C0C2",0,8,5,0,0,0,0,0,0,0,0,0,0,0
"Q9BQE3",0,0,0,3,7,1,6,5,0,0,0,0,0,0
"P68366",0,0,4,6,0,0,0,7,2,0,0,0,0,0
"Q13885",1,18,66,77,66,65,74,65,25,12,12,6,0,0
"P53999",0,0,0,0,0,0,0,0,8,7,4,0,0,0
"P17987",0,0,18,15,0,0,0,0,0,0,0,0,0,0
"P78371",0,17,48,30,0,0,0,0,0,0,0,0,0,0
"P50991",0,4,37,22,0,2,0,0,0,0,0,0,0,0
"P48643",0,8,17,13,6,0,2,3,0,0,0,0,0,0
"P49368",0,7,18,17,0,0,0,0,0,0,0,0,0,0
"Q99832",0,0,8,11,0,0,0,0,0,0,0,0,0,0
"P50990",0,0,18,7,0,0,0,0,0,0,0,0,0,0
"P40227",0,13,44,35,5,3,5,0,0,0,0,0,0,0
"Q9NZ01",0,0,0,0,0,0,0,4,0,0,0,0,0,0
"P55072",5,53,207,138,126,136,123,108,34,7,0,0,0,0
"Q9UKN8",0,0,0,0,2,3,5,9,0,0,0,0,0,0
"P02786",6,9,41,149,205,234,236,225,141,82,37,17,5,6
"P24752",0,0,6,7,5,7,6,6,0,0,0,0,0,0
"P42765",0,3,2,0,0,0,0,0,0,0,0,0,0,0
"Q99595",0,0,2,4,0,6,5,3,0,0,0,0,0,0
"O60830",0,0,0,12,13,20,14,22,3,0,0,0,0,0
"Q9NPL8",0,0,0,0,0,1,1,0,0,0,0,0,0,0
"O15164",0,0,2,0,0,0,0,0,0,0,0,0,0,0
"Q13263",0,3,17,0,0,0,0,0,2,0,0,0,0,0
"Q9Y5L4",0,0,3,0,0,0,2,0,0,1,1,0,0,0
"Q96DA6",0,0,0,0,0,0,0,0,0,8,5,4,0,0
"Q9Y5J7",0,7,0,0,0,0,0,0,12,16,13,7,0,0
"Q9Y5J6",0,0,0,0,0,0,0,3,4,0,0,0,0,0
"Q9HC07",0,0,0,9,12,15,11,13,7,0,0,0,0,0
"Q6NUQ4",0,0,0,0,0,0,0,0,0,0,2,0,0,0
"Q99805",0,0,0,0,0,3,5,3,0,0,0,0,0,0
"Q92544",0,0,0,0,0,9,5,8,13,0,0,0,0,0
"Q9UM00",0,0,0,1,6,8,7,9,0,0,2,0,0,0
"Q15363",0,0,0,2,8,10,7,8,0,0,0,0,0,0
"Q9BVK6",0,0,4,0,0,0,0,0,0,0,0,0,0,0
"P49755",0,0,0,14,21,28,27,27,11,8,4,2,0,0
"P57088",0,0,0,0,0,0,0,0,4,0,0,0,0,0
"Q9BTV4",0,0,0,2,2,2,0,0,0,0,0,0,0,0
"Q9NYL9",0,9,20,14,3,4,0,9,1,3,0,0,0,0
"Q6ZXV5",0,0,0,0,0,0,0,2,0,0,0,0,0,0
"Q96JJ7",0,0,0,1,1,2,0,2,0,0,0,0,0,0
"Q9NS69",14,14,28,52,81,80,82,39,22,1,0,0,0,0
"O96008",0,10,23,38,50,56,57,39,27,31,17,0,0,0
"O94826",0,0,3,38,32,40,36,26,9,0,0,7,0,0
"O94842",0,1,2,0,0,0,0,0,0,0,0,0,0,0
"P07951",0,3,21,0,0,0,0,0,0,0,0,0,0,0
"P67936",0,0,26,4,0,0,0,0,0,0,0,0,0,0
"O14773",0,0,0,0,1,2,0,0,0,0,0,0,0,0
"P12270",0,11,42,10,3,4,4,0,0,0,0,0,0,0
"Q9UI30",4,0,0,0,0,0,0,0,0,0,0,0,0,0
"Q9Y2W1",0,0,0,0,0,0,0,0,0,0,0,9,8,0
"Q12931",0,0,0,3,0,0,0,0,2,5,0,0,0,0
"Q2NL82",0,0,0,0,6,0,0,0,0,0,0,0,0,0
"Q15006",0,0,0,0,0,0,0,0,0,0,0,1,0,0
"P40222",0,0,0,1,0,0,0,0,0,0,0,0,0,0
"Q9NUQ3",5,4,0,0,0,0,0,0,0,0,0,0,0,0
"P53007",0,0,0,0,0,0,0,0,8,0,0,0,0,0
"P26368",0,8,9,11,3,2,0,0,0,0,0,0,0,0
"O75643",0,0,0,0,0,0,0,0,0,2,5,0,0,0
"Q15029",0,2,0,2,0,0,0,0,0,0,0,0,0,0
"Q8NBM4",0,0,0,0,6,0,7,0,4,0,0,0,0,0
"Q5T6F2",3,0,0,0,0,0,0,0,0,0,0,0,0,0
"O95071",0,0,8,15,4,0,0,0,0,0,0,0,0,0
"Q96IX5",0,0,0,0,0,0,0,0,6,0,0,0,0,0
"Q15836",0,0,4,10,13,12,12,11,8,3,0,0,0,0
"O95292",0,0,0,1,0,0,0,0,8,3,5,4,0,0
"Q15904",0,0,0,0,0,0,3,3,0,0,0,0,0,0
"P50552",0,0,4,0,0,0,0,0,0,0,0,0,0,0
"P38606",0,7,6,12,42,49,21,7,0,0,0,0,0,0
"P21281",0,8,41,45,47,46,17,1,4,3,0,0,0,0
"P21283",0,0,0,0,0,4,2,7,0,0,0,0,0,0
"Q9Y5K8",0,0,0,0,6,5,4,0,0,0,0,0,0,0
"P36543",0,0,16,12,19,24,14,10,5,0,0,0,0,0
"Q16864",0,11,4,12,5,6,2,0,0,0,0,0,0,0
"Q9UI12",0,0,0,2,10,10,6,0,0,0,0,0,0,0
"P21796",8,15,47,133,170,192,177,150,86,68,56,38,10,10
"P08670",54,57,183,255,157,187,205,244,196,131,132,87,34,43
"Q9Y487",0,0,0,0,0,7,0,4,0,0,0,0,0,0
"Q13488",0,0,0,0,2,1,0,0,0,0,0,0,0,0
"Q9GZS3",0,0,1,0,0,0,1,0,0,0,0,0,0,0
"O14980",0,0,0,3,0,0,0,0,0,0,0,0,0,0
"P13010",0,21,11,5,2,2,1,0,0,0,0,0,0,0
"P12956",0,17,23,18,16,16,16,18,2,0,1,0,0,0
"P67809",0,1,14,14,15,15,12,11,6,0,0,0,0,0
"P07947",0,0,0,5,7,4,0,0,0,0,0,0,0,0
"Q5BJH7",0,2,1,3,0,0,0,0,0,0,0,0,0,0
"Q96TA2",0,0,0,22,12,21,20,31,13,8,2,2,0,0
"Q9UPT8",0,5,8,5,8,5,1,0,0,0,0,0,0,0
"Q7Z2W4",0,0,0,0,0,0,1,2,0,13,7,5,0,0
"Q9C0B5",0,0,0,0,0,0,0,1,0,0,0,0,0,0
"Q5BKZ1",0,0,0,0,5,11,14,19,8,5,0,0,0,0
"Q14966",0,0,0,0,0,0,0,0,0,2,0,0,0,0
"Q9Y6M5",0,0,0,1,0,1,0,0,0,0,0,0,0,0
"Q8TAD4",0,0,0,1,0,1,0,0,0,0,0,0,0,0
"P30443",0,2,17,34,32,41,38,34,25,18,14,4,0,0
"P18462",0,0,11,10,13,8,9,13,18,0,0,0,0,0
"P01889",0,0,4,12,8,9,8,9,4,6,4,3,0,0
"P30461",0,0,0,4,4,4,2,0,0,0,0,0,0,0
"P30462",0,0,0,0,0,1,0,0,0,0,0,0,0,0
"P30492",0,0,0,0,3,0,5,0,0,0,0,0,0,0
"P30499",0,0,7,7,5,0,4,0,0,0,0,0,0,0
"P30501",0,0,1,5,4,5,6,0,0,0,0,0,0,0
"P62736",79,106,156,226,207,191,178,175,152,87,93,59,36,24
"Q562R1",0,0,0,8,6,0,8,7,0,0,3,3,0,0
"Q9BYX7",0,0,25,26,13,13,18,23,30,26,25,0,0,0
"Q13155",0,2,14,13,3,0,0,0,0,0,0,0,0,0
"P56385",0,0,0,0,5,3,3,0,19,9,2,0,0,0
"P00846",0,0,0,0,0,0,0,0,6,0,0,0,0,0
"Q16611",0,0,0,2,1,2,0,0,0,0,0,0,0,0
"O15155",0,0,0,0,0,0,0,1,0,0,0,0,0,0
"Q3MJ40",0,0,0,0,0,0,2,4,13,0,0,0,0,0
"P54289",0,0,0,6,9,8,5,0,0,0,0,0,0,0
"Q16790",0,0,0,0,1,0,0,0,0,0,0,0,0,0
"P27824",0,7,37,89,118,114,107,44,47,30,21,7,9,0
"Q9NXV6",0,0,4,5,6,7,5,5,1,0,0,0,0,0
"Q8NBI6",0,0,0,2,1,1,0,0,0,0,0,0,0,0
"Q96EE4",0,0,0,0,0,0,2,0,0,0,0,0,0,0
"Q9H2F9",0,0,0,0,0,2,4,7,7,4,0,0,0,0
"Q96EH3",0,0,0,5,4,2,0,0,0,0,0,0,0,0
"Q8TDX6",0,0,0,0,0,0,0,3,0,0,0,0,0,0
"Q96BP2",0,0,0,0,2,2,3,2,7,6,5,0,0,0
"Q9Y6H1",0,3,7,6,8,6,7,7,5,3,0,0,0,0
"Q9BRQ6",0,0,0,0,1,4,5,4,6,0,0,0,0,0
"Q96FZ7",0,0,0,0,0,0,0,4,2,0,0,0,0,0
"Q8N4H0",0,0,0,0,0,0,0,0,0,4,0,0,0,0
"Q6UW78",0,0,7,5,14,13,12,0,0,0,0,0,0,0
"Q9NWW5",0,0,0,0,0,2,0,0,0,0,0,0,0,0
"P53621",0,5,0,0,0,0,2,4,0,0,0,0,0,0
"Q9ULV4",0,7,27,32,43,35,14,6,0,0,0,0,0,0
"Q9UFG5",0,3,0,0,0,0,0,0,0,0,0,0,0,0
"Q14999",0,0,0,0,2,3,0,0,0,0,0,0,0,0
"Q6ICL3",0,0,1,0,0,0,0,0,0,0,0,0,0,0
"P12074",0,6,0,0,8,0,0,0,0,0,0,0,0,0
"P14406",0,2,5,13,13,15,16,21,29,31,26,7,0,0
"Q96MA1",0,0,0,0,2,0,0,0,0,0,0,0,0,0
"P29692",0,28,97,9,3,0,2,0,10,8,4,0,0,0
"P26641",0,0,32,0,0,0,0,0,0,0,0,0,1,0
"O00303",0,0,0,0,0,2,1,0,0,0,0,0,0,0
"Q15717",0,0,4,29,42,39,52,56,52,40,36,4,0,0
"Q9Y247",0,0,0,4,0,0,0,0,0,0,0,0,0,0
"Q9NVK5",0,0,4,0,0,0,0,0,0,0,0,0,0,0
"P02792",0,0,8,0,0,0,0,0,0,0,0,0,0,0
"Q9BYC5",0,0,0,0,0,0,0,2,0,0,0,0,0,0
"P04406",0,34,20,11,9,7,9,3,2,10,8,0,0,0
"O43716",0,1,0,0,0,0,0,0,0,0,0,0,0,0
"Q8TB36",0,0,0,5,8,2,6,5,0,0,0,0,0,0
"O95267",0,0,0,0,0,2,0,0,0,0,0,0,0,0
"Q8TDB8",0,0,0,3,2,0,3,0,0,0,0,0,0,0
"Q92839",0,0,35,0,0,0,0,0,0,0,0,0,0,0
"P68871",0,0,0,5,0,0,0,0,0,0,0,0,0,0
"O43504",0,0,3,2,8,6,1,3,3,0,0,0,0,0
"Q9Y2N7",6,0,0,0,0,0,0,0,0,0,0,0,0,0
"Q9Y241",0,0,0,3,6,2,4,0,0,0,0,0,0,0
"P17693",0,0,0,0,2,2,0,0,0,0,0,0,0,0
"P01893",0,0,0,3,0,3,0,1,0,0,0,0,0,0
"Q96RW7",0,0,4,0,0,0,0,0,0,0,0,0,0,0
"O75526",0,0,0,0,4,12,19,24,38,43,38,15,0,0
"P61978",8,71,170,114,82,85,79,57,51,33,22,2,0,0
"P34931",0,0,31,29,16,24,26,18,27,27,21,20,10,9
"Q12906",0,2,13,10,33,45,41,56,38,53,40,32,5,0
"Q16891",0,4,18,45,65,92,112,112,88,55,45,16,10,8
"Q9Y5U9",0,0,0,0,4,5,0,0,0,0,0,0,0,0
"P13645",1,0,0,0,0,0,11,19,0,4,31,0,0,0
"P13646",0,0,0,0,0,0,0,0,0,0,4,0,2,0
"P02533",0,0,0,0,0,0,0,4,0,0,0,4,0,0
"P08779",0,0,0,0,0,0,0,0,0,4,0,0,0,0
"Q04695",11,9,0,2,0,0,6,13,0,3,4,0,0,0
"P35527",0,0,0,0,0,0,4,9,0,0,0,0,0,0
"P35908",6,0,0,0,0,0,0,9,0,3,15,0,4,0
"P12035",0,0,0,1,0,0,0,0,0,0,0,0,0,0
"P08729",11,8,39,36,39,42,52,48,43,26,25,8,6,4
"P05787",8,18,44,53,36,60,64,71,41,59,60,34,15,12
"Q8IYT4",0,0,4,0,0,0,0,0,0,0,0,0,0,0
"Q15012",0,0,0,0,2,0,0,4,0,0,0,0,0,0
"Q9BYZ2",0,0,0,0,0,1,0,0,0,0,0,0,0,0
"P54317",0,0,9,0,0,0,0,0,0,0,0,0,0,0
"Q9NUN5",0,0,0,0,0,1,0,1,0,0,0,0,0,0
"O14494",0,0,0,0,0,0,0,1,0,0,0,0,0,0
"Q7Z4F1",0,0,0,0,0,4,2,0,0,0,0,0,0,0
"Q8WUT4",1,0,0,0,0,0,0,0,0,0,0,0,0,0
"O15296",0,0,0,6,0,0,0,0,0,0,0,0,0,0
"P61244",0,8,0,0,0,0,0,0,0,0,0,0,0,0
"Q4ZIN3",0,0,0,1,0,1,0,0,0,0,0,0,0,0
"Q16626",0,3,0,0,0,0,0,0,0,0,0,0,0,0
"Q9UQ53",0,0,0,0,0,4,2,0,0,0,0,0,0,0
"Q8N4Q1",0,0,0,0,0,0,0,2,2,0,0,0,0,0
"Q8N4V1",0,0,0,2,4,2,4,4,0,0,0,0,0,0
"O75439",0,2,0,0,0,0,0,0,0,0,0,0,0,0
"P39210",0,0,7,9,10,9,7,2,0,0,0,0,0,0
"P49006",0,0,0,0,1,0,0,0,0,0,0,0,0,0
"P35749",0,0,7,10,10,8,11,15,9,0,0,0,0,0
"P05976",0,0,5,1,0,0,0,1,0,0,0,0,0,0
"Q8WXC6",0,6,0,0,0,0,0,0,0,0,0,0,0,0
"Q9H009",0,0,0,0,0,0,0,0,1,1,0,0,0,0
"A8MWS5",0,7,0,0,0,0,0,0,0,0,0,0,0,0
"Q9P0J0",0,0,0,0,0,0,5,0,0,0,0,0,0,0
"O43674",0,0,0,0,3,0,2,0,0,0,0,0,0,0
"P28331",0,0,5,25,33,40,44,53,23,13,3,0,0,0
"O75251",0,0,0,16,6,7,9,18,7,0,0,0,0,0
"P18615",0,3,6,2,0,0,0,0,0,0,0,0,0,0
"P36957",0,0,11,44,139,52,30,26,16,22,17,13,0,6
"P08559",0,15,19,41,50,34,7,0,0,0,0,0,0,0
"P11940",0,0,0,5,2,0,7,5,2,19,26,2,0,0
"Q15366",0,0,6,0,0,0,0,0,0,6,0,0,0,0
"Q14123",0,0,0,0,0,0,2,0,0,0,0,0,0,0
"P56589",0,0,0,0,0,0,0,4,0,0,0,0,0,0
"O15173",0,0,0,14,9,9,11,9,5,5,6,12,0,0
"A2A3N6",0,2,6,5,0,0,0,0,0,0,0,0,0,0
"Q02809",0,0,2,0,0,0,0,0,0,0,0,0,0,0
"Q8NBT0",0,0,5,0,2,0,0,0,0,0,0,0,0,0
"P79522",0,0,0,0,0,6,4,0,0,0,0,0,0,0
"P62333",0,0,0,13,0,0,0,0,0,0,0,0,0,0
"P49768",0,0,0,0,0,0,0,2,0,0,0,0,0,0
"O14949",0,0,0,9,8,10,8,8,14,0,0,0,0,0
"Q9UDW1",0,0,0,0,4,7,8,10,10,2,0,0,0,0
"Q5XKP0",0,2,12,8,16,18,19,10,1,0,0,0,0,0
"P20339",0,0,0,0,0,0,0,3,0,0,0,0,0,0
"Q9H0N0",0,0,0,0,3,2,0,0,0,0,0,0,0,0
"P11233",0,0,0,3,7,3,0,5,0,0,0,0,0,0
"P11234",0,0,2,0,3,0,0,0,0,0,0,0,0,0
"P62834",0,0,4,13,11,17,19,21,1,0,0,0,0,0
"P61224",0,0,0,0,0,0,0,2,0,0,0,0,0,0
"Q9BWF3",0,0,9,6,3,2,4,6,4,0,0,0,0,0
"A0AV96",0,5,0,0,0,0,0,0,0,0,0,0,0,0
"P62750",0,0,0,0,0,0,2,4,8,24,32,36,38,19
"P52815",4,20,17,28,47,31,20,24,23,40,26,14,5,5
"Q8IXM3",0,5,5,25,49,32,31,14,0,0,0,0,0,0
"Q9Y6G3",0,0,0,0,22,11,9,8,0,0,0,0,0,0
"Q8N5N7",0,0,0,0,39,20,12,4,0,0,0,0,0,0
"Q4U2R6",0,0,0,0,12,3,0,0,0,0,0,0,0,0
"Q86TS9",0,0,0,0,28,14,0,0,0,0,0,0,0,0
"Q6P161",0,0,0,8,4,0,0,0,0,0,0,0,0,0
"Q7Z7F7",0,0,0,0,19,7,7,5,6,3,3,0,0,0
"Q8IYW5",0,0,8,0,0,0,0,0,0,0,0,0,0,0
"O15514",0,0,5,0,0,0,0,0,0,0,0,0,0,0
"P62854",0,0,0,0,0,0,0,8,8,0,0,0,0,0
"O60783",0,0,0,9,0,7,5,7,6,3,1,0,0,0
"Q92552",0,0,0,29,13,13,10,19,11,2,0,0,0,0
"Q9BQC6",0,0,0,0,8,5,4,0,1,1,0,0,0,0
"Q9NQC3",0,14,20,14,11,11,12,0,7,7,9,4,0,0
"Q5VYJ4",0,5,11,0,0,0,0,0,6,0,0,3,0,0
"Q96H78",0,0,0,4,1,2,0,0,0,0,0,0,0,0
"Q9UHD8",0,3,0,0,0,0,0,0,0,0,0,0,0,0
"Q15637",0,6,0,0,0,0,0,0,0,0,0,0,0,0
"O00193",4,0,0,0,0,0,0,2,3,5,1,0,0,0
"Q96PQ0",0,0,0,0,0,0,0,0,0,5,0,0,0,0
"Q9UNL2",0,0,0,6,5,5,6,7,8,7,8,7,2,0
"O43752",0,0,0,0,0,0,0,4,0,0,0,0,0,0
"P47897",0,0,7,51,0,0,0,0,0,0,0,0,0,0
"Q7Z7N9",0,0,0,0,0,0,4,0,0,0,0,0,0,0
"P35269",0,0,9,0,0,0,0,0,0,0,0,0,0,0
"Q71U36",5,15,71,77,58,56,55,44,64,33,13,8,0,0
"P68363",0,0,5,13,14,15,15,19,5,0,0,0,0,0
"Q9H4B7",0,0,17,8,6,6,5,5,0,0,0,0,0,0
"P68371",0,9,47,39,27,29,27,25,31,25,29,24,7,5
"P07437",0,0,29,26,19,20,19,23,19,9,9,0,0,0
"Q9BUF5",0,0,3,2,1,5,6,5,0,0,0,0,0,0
"Q86V81",0,2,0,0,0,0,4,8,13,17,17,6,0,0
"P62072",0,0,0,0,0,3,2,7,9,8,7,5,0,0
"Q8WZ42",0,0,0,0,0,0,0,0,0,0,0,0,2,0
"P29401",0,5,0,1,0,0,0,0,0,0,0,0,0,0
"Q9NUH8",0,0,0,7,12,7,11,14,0,0,0,0,0,0
"Q9P0S9",0,0,10,27,47,45,49,34,0,0,0,0,0,0
"Q53S58",0,0,0,0,10,6,0,3,0,0,0,0,0,0
"Q9NZR1",0,0,3,4,0,0,0,0,0,0,0,0,0,0
"Q15388",0,0,8,10,6,7,7,8,9,0,0,0,0,0
"Q96B49",0,0,0,0,0,0,0,0,0,0,7,0,0,0
"Q9P0U1",0,0,9,19,25,31,25,6,0,0,0,0,0,0
"P07477",11,8,0,0,0,0,0,0,0,10,10,7,5,0
"O14530",0,2,0,0,0,0,0,0,0,0,0,0,0,0
"P63027",0,0,0,7,10,8,6,6,5,4,2,0,0,0
"P04004",0,0,0,0,0,0,0,6,0,0,0,0,0,0
"Q96I51",0,0,0,0,2,1,0,0,0,0,0,0,0,0
"O43298",0,0,0,3,3,0,0,0,0,0,0,0,0,0
"Q8N9F8",0,0,13,14,11,8,21,13,14,0,0,0,0,0
"Q6PML9",0,0,0,0,0,0,0,2,0,0,0,0,0,0
"Q15942",9,0,0,0,0,0,0,0,0,0,0,0,0,0
"P08195",0,4,50,108,125,120,107,116,68,33,19,11,0,0
"O75027",0,3,7,20,23,26,12,16,2,0,0,0,0,0
"P12814",0,0,5,6,4,9,7,9,0,0,0,0,0,0
"Q12904",0,0,10,39,5,2,0,0,0,0,0,0,0,0
"P51648",0,0,0,6,0,10,10,14,0,0,0,0,0,0
"P04075",0,20,10,0,0,0,0,0,0,0,0,0,0,0
"Q9H6U8",0,0,0,2,0,4,0,2,0,0,0,0,0,0
"P07355",0,16,58,127,133,163,205,179,82,33,29,18,0,2
"P09525",0,0,12,11,9,13,13,16,0,0,0,0,0,0
"P20073",0,0,5,7,7,9,6,7,5,5,2,0,0,0
"P63010",0,0,3,3,6,12,10,0,0,6,8,0,0,0
"Q92974",0,0,3,0,0,0,0,0,0,0,0,0,0,0
"P98194",0,0,0,3,4,6,5,6,3,0,0,0,0,0
"P18859",0,0,59,96,95,109,98,145,190,107,71,43,17,17
"Q04656",0,0,0,0,0,0,0,2,0,0,0,0,0,0
"Q9UPN4",0,0,0,0,0,0,0,0,0,0,0,7,2,0
"Q5JTJ3",0,0,0,0,0,0,0,0,0,1,1,0,0,0
"Q05682",0,16,82,9,1,0,0,0,0,1,10,4,0,0
"P62158",0,0,2,0,3,0,4,5,9,7,4,0,0,0
"P47756",0,0,4,12,0,0,0,2,0,0,0,0,0,0
"Q96G23",0,0,0,6,6,5,4,2,0,0,0,0,0,0
"Q9Y3Y2",0,0,0,0,0,0,0,0,10,11,12,7,1,0
"Q9H078",0,2,9,7,1,2,1,3,0,0,0,0,0,0
"O96005",0,0,0,0,0,3,2,0,0,0,0,0,0,0
"Q9UJS0",0,7,26,69,63,82,77,73,49,26,10,0,0,0
"O14548",0,6,10,8,6,4,9,0,0,0,0,0,0,0
"Q99829",0,0,3,0,0,0,0,0,0,0,0,0,0,0
"Q16630",0,3,0,1,1,0,0,0,0,0,0,0,0,0
"P31327",0,5,16,24,12,9,9,15,0,0,0,0,0,0
"P68400",0,0,0,3,0,0,0,0,0,0,0,0,0,0
"O43169",0,7,10,20,23,18,18,13,0,0,0,0,0,0
"P08174",0,0,2,10,12,12,8,8,5,0,0,0,0,0
"Q14203",0,0,27,0,0,0,0,0,0,0,0,0,0,0
"Q13561",0,0,71,4,0,0,0,0,0,0,0,0,0,0
"Q92841",0,0,0,12,1,10,7,15,30,39,28,12,11,8
"Q7L014",0,4,16,6,0,0,0,0,0,0,0,0,0,0
"Q9UBX3",0,0,2,0,8,10,11,0,0,0,0,0,0,0
"Q9NP97",0,0,7,0,0,0,0,0,0,0,0,0,0,0
"O60762",0,0,0,1,0,3,1,0,0,0,0,0,0,0
"P49411",0,0,10,18,10,12,9,12,15,8,8,2,0,0
"Q99613",0,0,0,3,6,10,7,2,0,0,0,0,0,0
"Q9UNN8",0,0,0,0,2,3,0,0,0,0,0,0,0,0
"Q969X5",0,0,0,0,4,2,4,0,0,0,0,0,0,0
"Q9Y282",0,0,2,7,3,5,4,0,0,0,0,0,0,0
"O75477",0,0,0,10,10,16,8,11,11,14,12,4,0,0
"Q9BSJ8",0,0,0,0,9,8,11,20,7,4,8,3,0,0
"A0FGR8",0,0,0,0,0,0,0,5,0,0,0,0,0,0
"Q01844",0,0,10,14,12,6,6,6,0,0,0,0,0,0
"Q14318",0,0,2,8,15,6,8,3,9,4,1,0,0,0
"Q14254",0,0,0,0,15,15,18,16,18,5,3,0,0,0
"Q96AE4",0,0,0,1,5,3,4,0,0,4,0,0,0,0
"Q92945",2,8,5,0,0,0,0,0,0,0,0,0,0,0
"P35637",0,7,27,23,7,5,5,6,0,0,0,0,0,0
"P63244",0,0,0,0,2,2,8,9,4,19,22,27,7,0
"Q5JWF2",0,0,0,1,2,2,0,0,0,0,0,0,0,0
"O14653",0,0,0,0,1,0,2,2,0,0,0,0,0,0
"P11021",0,17,110,106,84,101,91,95,91,103,93,90,38,27
"Q9P035",0,0,0,6,6,9,11,7,0,0,0,5,0,2
"O00165",0,1,10,11,3,3,0,0,0,0,0,0,0,0
"Q92769",0,0,2,4,0,0,0,0,0,0,0,0,0,0
"Q8TCT9",0,0,0,5,8,7,8,6,0,0,0,0,0,0
"Q9UK76",8,8,0,0,0,0,0,0,0,0,0,0,0,0
"P31943",0,4,26,34,31,29,31,28,19,15,6,0,0,0
"P07910",5,12,17,34,46,48,68,64,84,83,53,31,24,16
"P07900",0,0,3,5,3,0,0,0,4,0,0,0,0,0
"Q7Z6Z7",0,5,2,0,0,0,0,0,0,0,0,0,0,0
"Q14197",0,0,0,0,22,17,12,0,0,11,0,0,0,0
"Q04637",0,0,7,0,0,0,0,0,0,0,0,0,0,0
"P53990",0,0,0,0,0,0,1,0,0,0,0,0,0,0
"Q8IYS2",0,0,0,1,0,1,1,0,0,0,0,0,0,0
"Q9UHB6",0,5,14,41,18,18,19,23,18,20,25,16,2,0
"Q03252",0,0,0,0,0,0,0,0,1,1,0,0,0,0
"Q8WWI1",0,0,0,0,0,0,0,8,0,3,3,4,0,0
"O43688",0,0,0,0,0,2,0,0,0,0,0,0,0,0
"Q9Y2Q5",0,2,1,9,9,8,0,8,0,0,0,0,0,0
"P27816",0,1,3,0,0,0,0,0,0,6,0,0,0,0
"P43243",11,57,155,147,129,150,179,210,113,41,11,0,0,0
"Q9GZY8",0,0,2,0,12,4,5,2,0,0,0,0,0,0
"Q8IWA4",0,0,0,5,0,0,0,7,1,0,0,0,0,0
"O14880",0,0,0,8,14,17,17,14,10,0,0,0,0,0
"Q5VT66",0,0,1,12,10,13,12,11,0,0,0,0,0,0
"P33527",0,0,0,9,3,8,2,6,0,0,0,0,0,0
"Q13421",0,0,0,0,2,0,0,0,0,0,0,0,0,0
"P35580",0,0,0,0,0,1,3,6,3,0,0,0,0,0
"Q12965",0,0,0,0,0,0,0,3,0,0,0,0,0,0
"Q13765",0,3,2,0,0,0,0,0,7,15,6,4,0,0
"P16435",0,0,9,15,15,17,12,7,0,0,0,0,0,0
"O95299",0,0,2,0,7,9,7,6,4,0,0,0,0,0
"Q9UI09",0,0,0,6,9,10,10,11,12,10,0,0,0,0
"Q9NX14",0,0,0,12,12,17,16,18,0,0,0,0,0,0
"P19404",0,0,0,0,0,6,8,10,10,14,7,0,0,0
"P56181",0,0,0,0,0,1,0,0,1,0,0,0,0,0
"Q8TAT6",0,0,0,3,3,11,8,0,0,0,0,0,0,0
"P03915",0,0,0,0,5,7,6,5,0,0,0,0,0,0
"P52948",0,0,3,0,0,0,0,0,0,0,5,3,0,0
"P29803",0,0,0,4,8,15,0,0,0,0,0,0,0,0
"O60313",0,0,0,0,0,2,4,0,0,0,0,0,0,0
"Q15070",0,0,4,6,5,3,6,8,0,0,0,0,0,0
"O60245",0,0,0,0,2,1,0,0,0,0,0,0,0,0
"Q8WUM4",0,0,0,1,2,3,0,0,1,0,0,0,0,0
"Q15084",0,0,0,2,0,0,0,0,0,0,0,0,0,0
"Q13492",0,0,6,9,12,9,4,7,4,0,0,0,0,0
"P62937",0,0,15,7,0,2,0,0,0,0,0,0,0,0
"P25786",0,0,20,9,0,0,0,0,0,0,0,0,0,0
"O00231",0,2,0,6,0,0,0,0,0,0,0,0,0,0
"P55036",0,0,21,5,0,0,0,0,0,0,0,0,0,0
"Q9Y3E5",0,0,0,3,6,6,2,6,0,0,0,0,0,0
"Q9UHX1",0,9,0,6,9,4,2,0,0,0,0,0,0,0
"P14927",0,0,0,19,12,28,23,25,38,8,9,9,3,2
"Q13636",0,0,1,5,4,6,6,8,0,0,0,0,0,0
"Q9UKM9",0,0,0,0,4,4,5,8,13,16,12,7,0,0
"Q8IY67",0,0,4,8,2,3,3,0,0,0,0,0,0,0
"Q14498",0,0,0,2,0,1,0,0,10,17,8,7,0,0
"P29558",0,0,0,1,0,0,0,0,0,0,0,0,0,0
"Q92804",0,1,8,2,0,0,0,0,0,0,0,0,0,0
"Q14257",0,7,0,0,0,0,0,0,0,0,0,0,0,0
"P15927",0,1,1,0,0,0,0,0,0,0,0,0,0,0
"Q9BXF6",0,0,0,0,0,2,0,0,0,0,0,0,0,0
"P27635",0,0,0,0,0,0,0,8,3,1,2,0,0,0
"P62906",0,0,0,0,0,0,0,2,0,5,8,4,0,0
"P50914",0,0,0,0,0,0,0,4,4,6,6,3,1,0
"P83731",0,0,0,0,0,0,0,2,12,18,21,9,9,4
"P61353",0,0,0,0,0,0,0,4,2,0,0,0,0,0
"P62899",0,0,0,0,0,0,0,9,8,0,0,0,0,0
"Q02878",0,0,0,0,0,0,5,14,9,11,18,11,11,0
"P18124",0,0,0,0,0,0,3,9,0,8,10,9,8,0
"Q7Z7H8",0,0,0,0,9,6,6,0,0,0,0,0,0,0
"Q7Z2W9",0,0,0,0,29,13,2,0,0,0,0,0,0,0
"Q8TCC3",0,0,0,0,7,4,3,0,0,0,0,0,0,0
"Q9BYC8",0,0,0,0,9,6,5,4,0,0,0,0,0,0
"Q9NYK5",0,0,0,0,16,6,5,5,9,0,0,0,0,0
"Q8N983",0,0,0,0,6,0,0,0,0,0,0,0,0,0
"Q9BRJ2",0,0,0,3,20,11,8,6,0,0,0,0,0,0
"Q9HD33",0,0,0,0,25,0,0,0,0,0,0,0,0,0
"O95758",0,0,0,0,0,1,0,0,0,0,0,0,0,0
"P04843",0,0,7,21,32,26,33,52,34,26,33,18,10,0
"Q9P2E9",0,0,0,0,0,0,0,0,12,21,28,29,11,11
"P60866",0,0,0,0,0,0,0,0,0,7,0,5,0,0
"P62857",0,0,0,0,0,0,0,0,8,10,8,5,4,0
"P62241",0,0,0,0,0,0,7,10,16,21,28,31,27,11
"P08865",0,0,0,0,1,4,7,10,13,10,14,10,4,3
"Q9Y399",0,0,0,4,0,0,0,0,0,0,0,0,0,0
"Q9Y2Q9",0,9,16,14,7,8,8,5,0,0,0,0,0,0
"P82930",0,0,8,19,8,7,7,0,0,0,0,0,0,0
"Q96AG3",0,0,0,4,4,1,0,0,0,0,0,0,0,0
"Q15424",0,0,19,16,7,3,3,0,0,0,0,0,0,0
"P07602",0,0,0,1,0,0,0,0,0,0,0,0,0,0
"O15027",0,2,9,14,2,10,7,6,8,16,4,0,0,0
"Q15019",0,0,6,4,0,0,0,0,0,0,0,0,0,0
"P62318",0,0,0,0,0,0,0,0,0,4,8,5,0,0
"P18583",0,0,4,0,0,0,0,8,11,18,0,0,0,0
"Q15005",0,0,0,5,4,8,5,3,0,0,0,0,0,0
"Q8IYB3",0,0,0,0,0,0,0,0,2,2,0,0,0,0
"P51571",0,0,0,0,9,10,0,0,17,26,22,20,9,6
"Q9NRL3",0,0,9,0,0,0,0,0,0,0,0,0,0,0
"Q86Y82",0,0,0,0,0,0,0,4,0,0,0,0,0,0
"P41252",0,0,6,55,0,0,0,0,0,0,0,0,0,0
"Q15046",0,0,20,74,0,0,0,0,0,0,0,0,0,0
"Q8WXH0",0,0,0,0,0,3,0,0,0,0,0,0,0,0
"P49591",6,8,0,0,0,0,0,0,0,0,0,0,0,0
"Q13148",0,10,13,7,6,4,6,8,8,4,0,0,0,0
"P37802",44,8,11,6,0,0,0,0,0,0,0,0,0,0
"P21980",0,0,0,0,0,0,0,3,0,0,0,0,0,0
"Q9Y3D7",0,0,8,14,11,14,15,19,0,0,0,0,0,0
"Q3ZCQ8",0,0,0,18,19,20,21,22,8,0,0,0,0,0
"Q7Z7H5",0,0,0,0,3,2,6,4,0,5,0,4,0,0
"Q9Y320",0,0,0,0,0,4,0,5,0,0,0,0,0,0
"Q5JTV8",0,0,0,0,0,0,0,0,4,4,5,1,0,0
"Q12888",0,14,3,0,0,0,0,0,0,0,0,0,0,0
"P09493",0,23,43,7,0,0,0,0,0,11,12,7,0,0
"P06753",0,7,0,0,0,0,0,0,0,0,0,0,0,0
"P62995",0,0,0,2,4,7,6,0,0,0,0,0,0,0
"Q14157",0,2,0,0,0,0,0,0,0,0,0,0,0,0
"Q93009",0,0,0,2,0,0,5,0,0,0,0,0,0,0
"Q5T4S7",0,0,2,1,0,0,0,0,0,0,0,0,0,0
"P0C7P4",4,10,22,21,41,54,56,30,27,17,18,0,0,0
"Q9P0L0",0,0,3,21,29,29,35,26,31,28,32,17,2,0
"P45880",0,0,27,75,68,77,69,92,74,72,68,44,9,15
"Q9Y277",0,0,15,53,83,70,72,73,71,45,34,10,0,0
"Q93050",0,0,0,10,16,19,10,0,0,0,0,0,0,0
